CREATE TABLE `Artikel` (
  `ArtikelNr` INT,
  `Artikelname` VARCHAR(1024),
  `LieferantenNr` INT,
  `KategorieNr` INT,
  `Liefereinheit` VARCHAR(1024),
  `Einzelpreis` DOUBLE,
  `Lagerbestand` DOUBLE,
  `BestellteEinheiten` DOUBLE,
  `Mindestbestand` DOUBLE,
  `Auslaufartikel` DOUBLE
);

INSERT INTO `Artikel` (`ArtikelNr`,`Artikelname`,`LieferantenNr`,`KategorieNr`,`Liefereinheit`,`Einzelpreis`,`Lagerbestand`,`BestellteEinheiten`,`Mindestbestand`,`Auslaufartikel`)
VALUES
(1,'Chai',1,1,'10 Kartons x 20 Beutel',18,39,0,10,1),
(2,'Chang',1,1,'24 x 12-oz-Flaschen',19,17,40,25,1),
(3,'Aniseed Syrup',1,2,'12 x 550-ml-Flaschen',10,13,70,25,0),
(4,'Chef Anton''s Cajun Seasoning',2,2,'48 x 6-oz-Gläser',22,53,0,0,1),
(5,'Chef Anton''s Gumbo Mix',2,2,'36 Kartons',21.35,0,0,0,1),
(6,'Grandma''s Boysenberry Spread',3,2,'12 x 8-oz-Gläser',25,120,0,25,0),
(7,'Uncle Bob''s Organic Dried Pears',3,7,'12 x 1-lb-Packungen',30,15,0,10,1),
(8,'Northwoods Cranberry Sauce',3,2,'12 x 12-oz-Gläser',40,6,0,0,0),
(9,'Mishi Kobe Niku',4,6,'18 x 500-g-Packungen',97,29,0,0,1),
(10,'Ikura',4,8,'12 x 200-ml-Gläser',31,31,0,0,0),
(11,'Queso Cabrales',5,4,'1-kg-Paket',21,22,30,30,0),
(12,'Queso Manchego La Pastora',5,4,'10 x 500-g-Packungen',38,86,0,0,0),
(13,'Konbu',6,8,'2-kg-Karton',6,24,0,5,0),
(14,'Tofu',6,7,'40 x 100-g-Packungen',23.25,35,0,0,0),
(15,'Genen Shouyu',6,2,'24 x 250-ml-Flaschen',15.5,39,0,5,0),
(16,'Pavlova',7,3,'32 x 500-g-Kartons',17.45,29,0,10,0),
(17,'Alice Mutton',7,6,'20 x 1-kg-Dosen',39,0,0,0,1),
(18,'Carnarvon Tigers',7,8,'16-kg-Paket',62.5,42,0,0,0),
(19,'Teatime Chocolate Biscuits',8,3,'10 Kartons x 12 Stück',9.2,25,0,5,0),
(20,'Sir Rodney''s Marmalade',8,3,'30 Geschenkkartons',81,40,0,0,0),
(21,'Sir Rodney''s Scones',8,3,'24 Packungen x 4 Stück',10,3,40,5,0),
(22,'Gustaf''s Knäckebröd',9,5,'24 x 500-g-Packungen',21,104,0,25,0),
(23,'Tunnbröd',9,5,'12 x 250-g-Packungen',9,61,0,25,0),
(24,'Guaraná Fantástica',10,1,'12 x 355-ml-Dosen',4.5,20,0,0,1),
(25,'NuNuCa Nuß-Nougat-Creme',11,3,'20 x 450-g-Gläser',14,76,0,30,0),
(26,'Gumbär Gummibärchen',11,3,'100 x 250-g-Beutel',31.23,15,0,0,1),
(27,'Schoggi Schokolade',11,3,'100 x 100-g-Stück',43.9,49,0,30,0),
(28,'Rössle Sauerkraut',12,7,'25 x 825-g-Dosen',45.6,26,0,0,1),
(29,'Thüringer Rostbratwurst',12,6,'50 Beutel x 30 Würstchen',123.79,0,0,0,1),
(30,'Nord-Ost Matjeshering',13,8,'10 x 200-g-Gläser',25.89,10,0,15,0),
(31,'Gorgonzola Telino',14,4,'12 x 100-g-Packungen',12.5,0,70,20,0),
(32,'Mascarpone Fabioli',14,4,'24 x 200-g-Packungen',32,9,40,25,0),
(33,'Geitost',15,4,'500-g-Packung',2.5,112,0,20,0),
(34,'Sasquatch Ale',16,1,'24 x 12-oz-Flaschen',14,111,0,15,0),
(35,'Steeleye Stout',16,1,'24 x 12-oz-Flaschen',18,20,0,15,0),
(36,'Inlagd Sill',17,8,'24 x 250-g -Gläser',19,112,0,20,0),
(37,'Gravad lax',17,8,'12 x 500-g-Packungen',26,11,50,25,0),
(38,'Côte de Blaye',18,1,'12 x 75-cl-Flaschen',263.5,17,0,15,0),
(39,'Chartreuse verte',18,1,'750-ml-Flasche',18,69,0,5,0),
(40,'Boston Crab Meat',19,8,'24 x 4-oz-Dosen',18.4,123,0,30,0),
(41,'Jack''s New England Clam Chowder',19,8,'12 x 12-oz-Dosen',9.65,85,0,10,0),
(42,'Singaporean Hokkien Fried Mee',20,5,'32 x 1-kg-Packungen',14,26,0,0,1),
(43,'Ipoh Coffee',20,1,'16 x 500-g-Dosen',46,17,10,25,0),
(44,'Gula Malacca',20,2,'20 x 2-kg-Beutel',19.45,27,0,15,0),
(45,'Røgede sild',21,8,'1-kg-Paket',9.5,5,70,15,0),
(46,'Spegesild',21,8,'4 x 450-g-Gläser',12,95,0,0,0),
(47,'Zaanse koeken',22,3,'10 x 4-oz-Kartons',9.5,36,0,0,0),
(48,'Chocolade',22,3,'10 Packungen',12.75,15,70,25,0),
(49,'Maxilaku',23,3,'24 x 50-g-Packungen',20,10,60,15,0),
(50,'Valkoinen suklaa',23,3,'12 x 100-g-Riegel',16.25,65,0,30,0),
(51,'Manjimup Dried Apples',24,7,'50 x 300-g-Packungen',53,20,0,10,0),
(52,'Filo Mix',24,5,'16 x 2-kg-Kartons',7,38,0,25,0),
(53,'Perth Pasties',24,6,'48 Stück',32.8,0,0,0,1),
(54,'Tourtière',25,6,'16 Pasteten',7.45,21,0,10,0),
(55,'Pâté chinois',25,6,'24 Kartons x 2 Pasteten',24,115,0,20,0),
(56,'Gnocchi di nonna Alice',26,5,'24 x 250-g-Packungen',38,21,10,30,0),
(57,'Ravioli Angelo',26,5,'24 x 250-g-Packungen',19.5,36,0,20,0),
(58,'Escargots de Bourgogne',27,8,'24 Stück',13.25,62,0,20,0),
(59,'Raclette Courdavault',28,4,'5-kg-Packung',55,79,0,0,0),
(60,'Camembert Pierrot',28,4,'15 x 300-g-Stücke',34,19,0,0,0),
(61,'Sirop d''érable',29,2,'24 x 500-ml-Flaschen',28.5,113,0,25,0),
(62,'Tarte au sucre',29,3,'48 Törtchen',49.3,17,0,0,0),
(63,'Vegie-spread',7,2,'15 x 625-g-Gläser',43.9,24,0,5,0),
(64,'Wimmers gute Semmelknödel',12,5,'20 Beutel x 4 Stück',33.25,22,80,30,0),
(65,'Louisiana Fiery Hot Pepper Sauce',2,2,'32 x 8-oz-Flaschen',21.05,76,0,0,0),
(66,'Louisiana Hot Spiced Okra',2,2,'24 x 8-oz-Gläser',17,4,100,20,1),
(67,'Laughing Lumberjack Lager',16,1,'24 x 12-oz-Flaschen',14,52,0,10,0),
(68,'Scottish Longbreads',8,3,'10 Kartons x 8 Stück',12.5,6,10,15,0),
(69,'Gudbrandsdalsost',15,4,'10-kg-Paket',36,26,0,15,0),
(70,'Outback Lager',7,1,'24 x 355-ml-Flaschen',15,15,10,30,0),
(71,'Fløtemysost',15,4,'10 x 500-g-Packungen',21.5,26,0,0,0),
(72,'Mozzarella di Giovanni',14,4,'24 x 200 g-Packungen',34.8,14,0,0,0),
(73,'Röd Kaviar',17,8,'24 x 150-g-Gläser',15,101,0,5,0),
(74,'Longlife Tofu',4,7,'5-kg-Paket',10,4,20,5,0),
(75,'Rhönbräu Klosterbier',12,1,'24 x 0,5-l-Flaschen',7.75,125,0,25,0),
(76,'Lakkalikööri',23,1,'500-ml-Flasche',18,57,0,20,0),
(77,'Original Frankfurter grüne Soße',12,2,'12 Kartons',13,32,0,15,0),
(79,'Darmstädter Obstgarten',16,1,'2 kg',2.5,0,0,0,0);

CREATE TABLE `Kategorie` (
  `KategorieNr` INT,
  `Kategoriename` VARCHAR(1024),
  `Beschreibung` VARCHAR(1024)
);

INSERT INTO `Kategorie` (`KategorieNr`,`Kategoriename`,`Beschreibung`)
VALUES
(1,'Getränke','Alkoholfreie Getränke, Kaffee, Tee, Bier'),
(2,'Gewürze','Süße und saure Soßen, Gewürze'),
(3,'Süßwaren','Desserts und Süßigkeiten'),
(4,'Milchprodukte','Käsesorten'),
(5,'Getreideprodukte','Brot, Kräcker, Nudeln, Müsli'),
(6,'Fleischprodukte','Fleisch-Fertiggerichte'),
(7,'Naturprodukte','Getrocknete Früchte, Tofu usw.'),
(8,'Meeresfrüchte','Meerespflanzen und -früchte, Fisch');


CREATE TABLE `Bestelldetails` (
    `BestellNr`	INT,
    `ArtikelNr`	DOUBLE,
    `Einzelpreis`	DOUBLE,
    `Anzahl`	INT,
    `Rabatt`	DOUBLE
);

INSERT INTO `Bestelldetails` (`BestellNr`, `ArtikelNr`, `Einzelpreis`, `Anzahl`, `Rabatt`) VALUES
	('10248', '11.00', '14.00', '12', '0.00'),
	('10248', '42.00', '9.80', '10', '0.00'),
	('10248', '72.00', '24.30', '5', '0.00'),
	('10249', '14.00', '18.60', '9', '0.00'),
	('10249', '51.00', '42.40', '40', '0.00'),
	('1025', '41.00', '7.70', '10', '0.00'),
	('1025', '51.00', '42.40', '35', '0.15'),
	('1025', '65.00', '16.80', '15', '0.15'),
	('10251', '22.00', '16.80', '6', '0.05'),
	('10251', '57.00', '15.60', '15', '0.05'),
	('10251', '65.00', '16.80', '20', '0.00'),
	('10252', '20.00', '64.80', '40', '0.05'),
	('10252', '33.00', '2.00', '25', '0.05'),
	('10252', '60.00', '27.20', '40', '0.00'),
	('10253', '31.00', '10.00', '20', '0.00'),
	('10253', '39.00', '14.40', '42', '0.00'),
	('10253', '49.00', '16.00', '40', '0.00'),
	('10254', '24.00', '3.60', '15', '0.15'),
	('10254', '55.00', '19.20', '21', '0.15'),
	('10254', '74.00', '8.00', '21', '0.00'),
	('10255', '2.00', '15.20', '20', '0.00'),
	('10255', '16.00', '13.90', '35', '0.00'),
	('10255', '36.00', '15.20', '25', '0.00'),
	('10255', '59.00', '44.00', '30', '0.00'),
	('10256', '53.00', '26.20', '15', '0.00'),
	('10256', '77.00', '10.40', '12', '0.00'),
	('10257', '27.00', '35.10', '25', '0.00'),
	('10257', '39.00', '14.40', '6', '0.00'),
	('10257', '77.00', '10.40', '15', '0.00'),
	('10258', '2.00', '15.20', '50', '0.20'),
	('10258', '5.00', '17.00', '65', '0.20'),
	('10258', '32.00', '25.60', '6', '0.20'),
	('10259', '21.00', '8.00', '10', '0.00'),
	('10259', '37.00', '20.80', '1', '0.00'),
	('1026', '41.00', '7.70', '16', '0.25'),
	('1026', '57.00', '15.60', '50', '0.00'),
	('1026', '62.00', '39.40', '15', '0.25'),
	('1026', '70.00', '12.00', '21', '0.25'),
	('10261', '21.00', '8.00', '20', '0.00'),
	('10261', '35.00', '14.40', '20', '0.00'),
	('10262', '5.00', '17.00', '12', '0.20'),
	('10262', '7.00', '24.00', '15', '0.00'),
	('10262', '56.00', '30.40', '2', '0.00'),
	('10263', '16.00', '13.90', '60', '0.25'),
	('10263', '24.00', '3.60', '28', '0.00'),
	('10263', '30.00', '20.70', '60', '0.25'),
	('10263', '74.00', '8.00', '36', '0.25'),
	('10264', '2.00', '15.20', '35', '0.00'),
	('10264', '41.00', '7.70', '25', '0.15'),
	('10265', '17.00', '31.20', '30', '0.00'),
	('10265', '70.00', '12.00', '20', '0.00'),
	('10266', '12.00', '30.40', '12', '0.05'),
	('10267', '40.00', '14.70', '50', '0.00'),
	('10267', '59.00', '44.00', '70', '0.15'),
	('10267', '76.00', '14.40', '15', '0.15'),
	('10268', '29.00', '99.00', '10', '0.00'),
	('10268', '72.00', '27.80', '4', '0.00'),
	('10269', '33.00', '2.00', '60', '0.05'),
	('10269', '72.00', '27.80', '20', '0.05'),
	('1027', '36.00', '15.20', '30', '0.00'),
	('1027', '43.00', '36.80', '25', '0.00'),
	('10271', '33.00', '2.00', '24', '0.00'),
	('10272', '20.00', '64.80', '6', '0.00'),
	('10272', '31.00', '10.00', '40', '0.00'),
	('10272', '72.00', '27.80', '24', '0.00'),
	('10273', '10.00', '24.80', '24', '0.05'),
	('10273', '31.00', '10.00', '15', '0.05'),
	('10273', '33.00', '2.00', '20', '0.00'),
	('10273', '40.00', '14.70', '60', '0.05'),
	('10273', '76.00', '14.40', '33', '0.05'),
	('10274', '71.00', '17.20', '20', '0.00'),
	('10274', '72.00', '27.80', '7', '0.00'),
	('10275', '24.00', '3.60', '12', '0.05'),
	('10275', '59.00', '44.00', '6', '0.05'),
	('10276', '10.00', '24.80', '15', '0.00'),
	('10276', '13.00', '4.80', '10', '0.00'),
	('10277', '28.00', '36.40', '20', '0.00'),
	('10277', '62.00', '39.40', '12', '0.00'),
	('10278', '44.00', '15.50', '16', '0.00'),
	('10278', '59.00', '44.00', '15', '0.00'),
	('10278', '63.00', '35.10', '8', '0.00'),
	('10278', '73.00', '12.00', '25', '0.00'),
	('10279', '17.00', '31.20', '15', '0.25'),
	('1028', '24.00', '3.60', '12', '0.00'),
	('1028', '55.00', '19.20', '20', '0.00'),
	('1028', '75.00', '6.20', '30', '0.00'),
	('10281', '19.00', '7.30', '1', '0.00'),
	('10281', '24.00', '3.60', '6', '0.00'),
	('10281', '35.00', '14.40', '4', '0.00'),
	('10282', '30.00', '20.70', '6', '0.00'),
	('10282', '57.00', '15.60', '2', '0.00'),
	('10283', '15.00', '12.40', '20', '0.00'),
	('10283', '19.00', '7.30', '18', '0.00'),
	('10283', '60.00', '27.20', '35', '0.00'),
	('10283', '72.00', '27.80', '3', '0.00'),
	('10284', '27.00', '35.10', '15', '0.25'),
	('10284', '44.00', '15.50', '21', '0.00'),
	('10284', '60.00', '27.20', '20', '0.25'),
	('10284', '67.00', '11.20', '5', '0.25'),
	('10285', '1.00', '14.40', '45', '0.20'),
	('10285', '40.00', '14.70', '40', '0.20'),
	('10285', '53.00', '26.20', '36', '0.20'),
	('10286', '35.00', '14.40', '100', '0.00'),
	('10286', '62.00', '39.40', '40', '0.00'),
	('10287', '16.00', '13.90', '40', '0.15'),
	('10287', '34.00', '11.20', '20', '0.00'),
	('10287', '46.00', '9.60', '15', '0.15'),
	('10288', '54.00', '5.90', '10', '0.10'),
	('10288', '68.00', '10.00', '3', '0.10'),
	('10289', '3.00', '8.00', '30', '0.00'),
	('10289', '64.00', '26.60', '9', '0.00'),
	('1029', '5.00', '17.00', '20', '0.00'),
	('1029', '29.00', '99.00', '15', '0.00'),
	('1029', '49.00', '16.00', '15', '0.00'),
	('1029', '77.00', '10.40', '10', '0.00'),
	('10291', '13.00', '4.80', '20', '0.10'),
	('10291', '44.00', '15.50', '24', '0.10'),
	('10291', '51.00', '42.40', '2', '0.10'),
	('10292', '20.00', '64.80', '20', '0.00'),
	('10293', '18.00', '50.00', '12', '0.00'),
	('10293', '24.00', '3.60', '10', '0.00'),
	('10293', '63.00', '35.10', '5', '0.00'),
	('10293', '75.00', '6.20', '6', '0.00'),
	('10294', '1.00', '14.40', '18', '0.00'),
	('10294', '17.00', '31.20', '15', '0.00'),
	('10294', '43.00', '36.80', '15', '0.00'),
	('10294', '60.00', '27.20', '21', '0.00'),
	('10294', '75.00', '6.20', '6', '0.00'),
	('10295', '56.00', '30.40', '4', '0.00'),
	('10296', '11.00', '16.80', '12', '0.00'),
	('10296', '16.00', '13.90', '30', '0.00'),
	('10296', '69.00', '28.80', '15', '0.00'),
	('10297', '39.00', '14.40', '60', '0.00'),
	('10297', '72.00', '27.80', '20', '0.00'),
	('10298', '2.00', '15.20', '40', '0.00'),
	('10298', '36.00', '15.20', '40', '0.25'),
	('10298', '59.00', '44.00', '30', '0.25'),
	('10298', '62.00', '39.40', '15', '0.00'),
	('10299', '19.00', '7.30', '15', '0.00'),
	('10299', '70.00', '12.00', '20', '0.00'),
	('103', '66.00', '13.60', '30', '0.00'),
	('103', '68.00', '10.00', '20', '0.00'),
	('10301', '40.00', '14.70', '10', '0.00'),
	('10301', '56.00', '30.40', '20', '0.00'),
	('10302', '17.00', '31.20', '40', '0.00'),
	('10302', '28.00', '36.40', '28', '0.00'),
	('10302', '43.00', '36.80', '12', '0.00'),
	('10303', '40.00', '14.70', '40', '0.10'),
	('10303', '65.00', '16.80', '30', '0.10'),
	('10303', '68.00', '10.00', '15', '0.10'),
	('10304', '49.00', '16.00', '30', '0.00'),
	('10304', '59.00', '44.00', '10', '0.00'),
	('10304', '71.00', '17.20', '2', '0.00'),
	('10305', '18.00', '50.00', '25', '0.10'),
	('10305', '29.00', '99.00', '25', '0.10'),
	('10305', '39.00', '14.40', '30', '0.10'),
	('10306', '30.00', '20.70', '10', '0.00'),
	('10306', '53.00', '26.20', '10', '0.00'),
	('10306', '54.00', '5.90', '5', '0.00'),
	('10307', '62.00', '39.40', '10', '0.00'),
	('10307', '68.00', '10.00', '3', '0.00'),
	('10308', '69.00', '28.80', '1', '0.00'),
	('10308', '70.00', '12.00', '5', '0.00'),
	('10309', '4.00', '17.60', '20', '0.00'),
	('10309', '6.00', '20.00', '30', '0.00'),
	('10309', '42.00', '11.20', '2', '0.00'),
	('10309', '43.00', '36.80', '20', '0.00'),
	('10309', '71.00', '17.20', '3', '0.00'),
	('1031', '16.00', '13.90', '10', '0.00'),
	('1031', '62.00', '39.40', '5', '0.00'),
	('10311', '42.00', '11.20', '6', '0.00'),
	('10311', '69.00', '28.80', '7', '0.00'),
	('10312', '28.00', '36.40', '4', '0.00'),
	('10312', '43.00', '36.80', '24', '0.00'),
	('10312', '53.00', '26.20', '20', '0.00'),
	('10312', '75.00', '6.20', '10', '0.00'),
	('10313', '36.00', '15.20', '12', '0.00'),
	('10314', '32.00', '25.60', '40', '0.10'),
	('10314', '58.00', '10.60', '30', '0.10'),
	('10314', '62.00', '39.40', '25', '0.10'),
	('10315', '34.00', '11.20', '14', '0.00'),
	('10315', '70.00', '12.00', '30', '0.00'),
	('10316', '41.00', '7.70', '10', '0.00'),
	('10316', '62.00', '39.40', '70', '0.00'),
	('10317', '1.00', '14.40', '20', '0.00'),
	('10318', '41.00', '7.70', '20', '0.00'),
	('10318', '76.00', '14.40', '6', '0.00'),
	('10319', '17.00', '31.20', '8', '0.00'),
	('10319', '28.00', '36.40', '14', '0.00'),
	('10319', '76.00', '14.40', '30', '0.00'),
	('1032', '71.00', '17.20', '30', '0.00'),
	('10321', '35.00', '14.40', '10', '0.00'),
	('10322', '52.00', '5.60', '20', '0.00'),
	('10323', '15.00', '12.40', '5', '0.00'),
	('10323', '25.00', '11.20', '4', '0.00'),
	('10323', '39.00', '14.40', '4', '0.00'),
	('10324', '16.00', '13.90', '21', '0.15'),
	('10324', '35.00', '14.40', '70', '0.15'),
	('10324', '46.00', '9.60', '30', '0.00'),
	('10324', '59.00', '44.00', '40', '0.15'),
	('10324', '63.00', '35.10', '80', '0.15'),
	('10325', '6.00', '20.00', '6', '0.00'),
	('10325', '13.00', '4.80', '12', '0.00'),
	('10325', '14.00', '18.60', '9', '0.00'),
	('10325', '31.00', '10.00', '4', '0.00'),
	('10325', '72.00', '27.80', '40', '0.00'),
	('10326', '4.00', '17.60', '24', '0.00'),
	('10326', '57.00', '15.60', '16', '0.00'),
	('10326', '75.00', '6.20', '50', '0.00'),
	('10327', '2.00', '15.20', '25', '0.20'),
	('10327', '11.00', '16.80', '50', '0.20'),
	('10327', '30.00', '20.70', '35', '0.20'),
	('10327', '58.00', '10.60', '30', '0.20'),
	('10328', '59.00', '44.00', '9', '0.00'),
	('10328', '65.00', '16.80', '40', '0.00'),
	('10328', '68.00', '10.00', '10', '0.00'),
	('10329', '19.00', '7.30', '10', '0.05'),
	('10329', '30.00', '20.70', '8', '0.05'),
	('10329', '38.00', '210.80', '20', '0.05'),
	('10329', '56.00', '30.40', '12', '0.05'),
	('1033', '26.00', '24.90', '50', '0.15'),
	('1033', '72.00', '27.80', '25', '0.15'),
	('10331', '54.00', '5.90', '15', '0.00'),
	('10332', '18.00', '50.00', '40', '0.20'),
	('10332', '42.00', '11.20', '10', '0.20'),
	('10332', '47.00', '7.60', '16', '0.20'),
	('10333', '14.00', '18.60', '10', '0.00'),
	('10333', '21.00', '8.00', '10', '0.10'),
	('10333', '71.00', '17.20', '40', '0.10'),
	('10334', '52.00', '5.60', '8', '0.00'),
	('10334', '68.00', '10.00', '10', '0.00'),
	('10335', '2.00', '15.20', '7', '0.20'),
	('10335', '31.00', '10.00', '25', '0.20'),
	('10335', '32.00', '25.60', '6', '0.20'),
	('10335', '51.00', '42.40', '48', '0.20'),
	('10336', '4.00', '17.60', '18', '0.10'),
	('10337', '23.00', '7.20', '40', '0.00'),
	('10337', '26.00', '24.90', '24', '0.00'),
	('10337', '36.00', '15.20', '20', '0.00'),
	('10337', '37.00', '20.80', '28', '0.00'),
	('10337', '72.00', '27.80', '25', '0.00'),
	('10338', '17.00', '31.20', '20', '0.00'),
	('10338', '30.00', '20.70', '15', '0.00'),
	('10339', '4.00', '17.60', '10', '0.00'),
	('10339', '17.00', '31.20', '70', '0.05'),
	('10339', '62.00', '39.40', '28', '0.00'),
	('1034', '18.00', '50.00', '20', '0.05'),
	('1034', '41.00', '7.70', '12', '0.05'),
	('1034', '43.00', '36.80', '40', '0.05'),
	('10341', '33.00', '2.00', '8', '0.00'),
	('10341', '59.00', '44.00', '9', '0.15'),
	('10342', '2.00', '15.20', '24', '0.20'),
	('10342', '31.00', '10.00', '56', '0.20'),
	('10342', '36.00', '15.20', '40', '0.20'),
	('10342', '55.00', '19.20', '40', '0.20'),
	('10343', '64.00', '26.60', '50', '0.00'),
	('10343', '68.00', '10.00', '4', '0.05'),
	('10343', '76.00', '14.40', '15', '0.00'),
	('10344', '4.00', '17.60', '35', '0.00'),
	('10344', '8.00', '32.00', '70', '0.25'),
	('10345', '8.00', '32.00', '70', '0.00'),
	('10345', '19.00', '7.30', '80', '0.00'),
	('10345', '42.00', '11.20', '9', '0.00'),
	('10346', '17.00', '31.20', '36', '0.10'),
	('10346', '56.00', '30.40', '20', '0.00'),
	('10347', '25.00', '11.20', '10', '0.00'),
	('10347', '39.00', '14.40', '50', '0.15'),
	('10347', '40.00', '14.70', '4', '0.00'),
	('10347', '75.00', '6.20', '6', '0.15'),
	('10348', '1.00', '14.40', '15', '0.15'),
	('10348', '23.00', '7.20', '25', '0.00'),
	('10349', '54.00', '5.90', '24', '0.00'),
	('1035', '50.00', '13.00', '15', '0.10'),
	('1035', '69.00', '28.80', '18', '0.10'),
	('10351', '38.00', '210.80', '20', '0.05'),
	('10351', '41.00', '7.70', '13', '0.00'),
	('10351', '44.00', '15.50', '77', '0.05'),
	('10351', '65.00', '16.80', '10', '0.05'),
	('10352', '24.00', '3.60', '10', '0.00'),
	('10352', '54.00', '5.90', '20', '0.15'),
	('10353', '11.00', '16.80', '12', '0.20'),
	('10353', '38.00', '210.80', '50', '0.20'),
	('10354', '1.00', '14.40', '12', '0.00'),
	('10354', '29.00', '99.00', '4', '0.00'),
	('10355', '24.00', '3.60', '25', '0.00'),
	('10355', '57.00', '15.60', '25', '0.00'),
	('10356', '31.00', '10.00', '30', '0.00'),
	('10356', '55.00', '19.20', '12', '0.00'),
	('10356', '69.00', '28.80', '20', '0.00'),
	('10357', '10.00', '24.80', '30', '0.20'),
	('10357', '26.00', '24.90', '16', '0.00'),
	('10357', '60.00', '27.20', '8', '0.20'),
	('10358', '24.00', '3.60', '10', '0.05'),
	('10358', '34.00', '11.20', '10', '0.05'),
	('10358', '36.00', '15.20', '20', '0.05'),
	('10359', '16.00', '13.90', '56', '0.05'),
	('10359', '31.00', '10.00', '70', '0.05'),
	('10359', '60.00', '27.20', '80', '0.05'),
	('1036', '28.00', '36.40', '30', '0.00'),
	('1036', '29.00', '99.00', '35', '0.00'),
	('1036', '38.00', '210.80', '10', '0.00'),
	('1036', '49.00', '16.00', '35', '0.00'),
	('1036', '54.00', '5.90', '28', '0.00'),
	('10361', '39.00', '14.40', '54', '0.10'),
	('10361', '60.00', '27.20', '55', '0.10'),
	('10362', '25.00', '11.20', '50', '0.00'),
	('10362', '51.00', '42.40', '20', '0.00'),
	('10362', '54.00', '5.90', '24', '0.00'),
	('10363', '31.00', '10.00', '20', '0.00'),
	('10363', '75.00', '6.20', '12', '0.00'),
	('10363', '76.00', '14.40', '12', '0.00'),
	('10364', '69.00', '28.80', '30', '0.00'),
	('10364', '71.00', '17.20', '5', '0.00'),
	('10365', '11.00', '16.80', '24', '0.00'),
	('10366', '65.00', '16.80', '5', '0.00'),
	('10366', '77.00', '10.40', '5', '0.00'),
	('10367', '34.00', '11.20', '36', '0.00'),
	('10367', '54.00', '5.90', '18', '0.00'),
	('10367', '65.00', '16.80', '15', '0.00'),
	('10367', '77.00', '10.40', '7', '0.00'),
	('10368', '21.00', '8.00', '5', '0.10'),
	('10368', '28.00', '36.40', '13', '0.10'),
	('10368', '57.00', '15.60', '25', '0.00'),
	('10368', '64.00', '26.60', '35', '0.10'),
	('10369', '29.00', '99.00', '20', '0.00'),
	('10369', '56.00', '30.40', '18', '0.25'),
	('1037', '1.00', '14.40', '15', '0.15'),
	('1037', '64.00', '26.60', '30', '0.00'),
	('1037', '74.00', '8.00', '20', '0.15'),
	('10371', '36.00', '15.20', '6', '0.20'),
	('10372', '20.00', '64.80', '12', '0.25'),
	('10372', '38.00', '210.80', '40', '0.25'),
	('10372', '60.00', '27.20', '70', '0.25'),
	('10372', '72.00', '27.80', '42', '0.25'),
	('10373', '58.00', '10.60', '80', '0.20'),
	('10373', '71.00', '17.20', '50', '0.20'),
	('10374', '31.00', '10.00', '30', '0.00'),
	('10374', '58.00', '10.60', '15', '0.00'),
	('10375', '14.00', '18.60', '15', '0.00'),
	('10375', '54.00', '5.90', '10', '0.00'),
	('10376', '31.00', '10.00', '42', '0.05'),
	('10377', '28.00', '36.40', '20', '0.15'),
	('10377', '39.00', '14.40', '20', '0.15'),
	('10378', '71.00', '17.20', '6', '0.00'),
	('10379', '41.00', '7.70', '8', '0.10'),
	('10379', '63.00', '35.10', '16', '0.10'),
	('10379', '65.00', '16.80', '20', '0.10'),
	('1038', '30.00', '20.70', '18', '0.10'),
	('1038', '53.00', '26.20', '20', '0.10'),
	('1038', '60.00', '27.20', '6', '0.10'),
	('1038', '70.00', '12.00', '30', '0.00'),
	('10381', '74.00', '8.00', '14', '0.00'),
	('10382', '5.00', '17.00', '32', '0.00'),
	('10382', '18.00', '50.00', '9', '0.00'),
	('10382', '29.00', '99.00', '14', '0.00'),
	('10382', '33.00', '2.00', '60', '0.00'),
	('10382', '74.00', '8.00', '50', '0.00'),
	('10383', '13.00', '4.80', '20', '0.00'),
	('10383', '50.00', '13.00', '15', '0.00'),
	('10383', '56.00', '30.40', '20', '0.00'),
	('10384', '20.00', '64.80', '28', '0.00'),
	('10384', '60.00', '27.20', '15', '0.00'),
	('10385', '7.00', '24.00', '10', '0.20'),
	('10385', '60.00', '27.20', '20', '0.20'),
	('10385', '68.00', '10.00', '8', '0.20'),
	('10386', '24.00', '3.60', '15', '0.00'),
	('10386', '34.00', '11.20', '10', '0.00'),
	('10387', '24.00', '3.60', '15', '0.00'),
	('10387', '28.00', '36.40', '6', '0.00'),
	('10387', '59.00', '44.00', '12', '0.00'),
	('10387', '71.00', '17.20', '15', '0.00'),
	('10388', '45.00', '7.60', '15', '0.20'),
	('10388', '52.00', '5.60', '20', '0.20'),
	('10388', '53.00', '26.20', '40', '0.00'),
	('10389', '10.00', '24.80', '16', '0.00'),
	('10389', '55.00', '19.20', '15', '0.00'),
	('10389', '62.00', '39.40', '20', '0.00'),
	('10389', '70.00', '12.00', '30', '0.00'),
	('1039', '31.00', '10.00', '60', '0.10'),
	('1039', '35.00', '14.40', '40', '0.10'),
	('1039', '46.00', '9.60', '45', '0.00'),
	('1039', '72.00', '27.80', '24', '0.10'),
	('10391', '13.00', '4.80', '18', '0.00'),
	('10392', '69.00', '28.80', '50', '0.00'),
	('10393', '2.00', '15.20', '25', '0.25'),
	('10393', '14.00', '18.60', '42', '0.25'),
	('10393', '25.00', '11.20', '7', '0.25'),
	('10393', '26.00', '24.90', '70', '0.25'),
	('10393', '31.00', '10.00', '32', '0.00'),
	('10394', '13.00', '4.80', '10', '0.00'),
	('10394', '62.00', '39.40', '10', '0.00'),
	('10395', '46.00', '9.60', '28', '0.10'),
	('10395', '53.00', '26.20', '70', '0.10'),
	('10395', '69.00', '28.80', '8', '0.00'),
	('10396', '23.00', '7.20', '40', '0.00'),
	('10396', '71.00', '17.20', '60', '0.00'),
	('10396', '72.00', '27.80', '21', '0.00'),
	('10397', '21.00', '8.00', '10', '0.15'),
	('10397', '51.00', '42.40', '18', '0.15'),
	('10398', '35.00', '14.40', '30', '0.00'),
	('10398', '55.00', '19.20', '120', '0.10'),
	('10399', '68.00', '10.00', '60', '0.00'),
	('10399', '71.00', '17.20', '30', '0.00'),
	('10399', '76.00', '14.40', '35', '0.00'),
	('10399', '77.00', '10.40', '14', '0.00'),
	('104', '29.00', '99.00', '21', '0.00'),
	('104', '35.00', '14.40', '35', '0.00'),
	('104', '49.00', '16.00', '30', '0.00'),
	('10401', '30.00', '20.70', '18', '0.00'),
	('10401', '56.00', '30.40', '70', '0.00'),
	('10401', '65.00', '16.80', '20', '0.00'),
	('10401', '71.00', '17.20', '60', '0.00'),
	('10402', '23.00', '7.20', '60', '0.00'),
	('10402', '63.00', '35.10', '65', '0.00'),
	('10403', '16.00', '13.90', '21', '0.15'),
	('10403', '48.00', '10.20', '70', '0.15'),
	('10404', '26.00', '24.90', '30', '0.05'),
	('10404', '42.00', '11.20', '40', '0.05'),
	('10404', '49.00', '16.00', '30', '0.05'),
	('10405', '3.00', '8.00', '50', '0.00'),
	('10406', '1.00', '14.40', '10', '0.00'),
	('10406', '21.00', '8.00', '30', '0.10'),
	('10406', '28.00', '36.40', '42', '0.10'),
	('10406', '36.00', '15.20', '5', '0.10'),
	('10406', '40.00', '14.70', '2', '0.10'),
	('10407', '11.00', '16.80', '30', '0.00'),
	('10407', '69.00', '28.80', '15', '0.00'),
	('10407', '71.00', '17.20', '15', '0.00'),
	('10408', '37.00', '20.80', '10', '0.00'),
	('10408', '54.00', '5.90', '6', '0.00'),
	('10408', '62.00', '39.40', '35', '0.00'),
	('10409', '14.00', '18.60', '12', '0.00'),
	('10409', '21.00', '8.00', '12', '0.00'),
	('1041', '33.00', '2.00', '49', '0.00'),
	('1041', '59.00', '44.00', '16', '0.00'),
	('10411', '41.00', '7.70', '25', '0.20'),
	('10411', '44.00', '15.50', '40', '0.20'),
	('10411', '59.00', '44.00', '9', '0.20'),
	('10412', '14.00', '18.60', '20', '0.10'),
	('10413', '1.00', '14.40', '24', '0.00'),
	('10413', '62.00', '39.40', '40', '0.00'),
	('10413', '76.00', '14.40', '14', '0.00'),
	('10414', '19.00', '7.30', '18', '0.05'),
	('10414', '33.00', '2.00', '50', '0.00'),
	('10415', '17.00', '31.20', '2', '0.00'),
	('10415', '33.00', '2.00', '20', '0.00'),
	('10416', '19.00', '7.30', '20', '0.00'),
	('10416', '53.00', '26.20', '10', '0.00'),
	('10416', '57.00', '15.60', '20', '0.00'),
	('10417', '38.00', '210.80', '50', '0.00'),
	('10417', '46.00', '9.60', '2', '0.25'),
	('10417', '68.00', '10.00', '36', '0.25'),
	('10417', '77.00', '10.40', '35', '0.00'),
	('10418', '2.00', '15.20', '60', '0.00'),
	('10418', '47.00', '7.60', '55', '0.00'),
	('10418', '61.00', '22.80', '16', '0.00'),
	('10418', '74.00', '8.00', '15', '0.00'),
	('10419', '60.00', '27.20', '60', '0.05'),
	('10419', '69.00', '28.80', '20', '0.05'),
	('1042', '9.00', '77.60', '20', '0.10'),
	('1042', '13.00', '4.80', '2', '0.10'),
	('1042', '70.00', '12.00', '8', '0.10'),
	('1042', '73.00', '12.00', '20', '0.10'),
	('10421', '19.00', '7.30', '4', '0.15'),
	('10421', '26.00', '24.90', '30', '0.00'),
	('10421', '53.00', '26.20', '15', '0.15'),
	('10421', '77.00', '10.40', '10', '0.15'),
	('10422', '26.00', '24.90', '2', '0.00'),
	('10423', '31.00', '10.00', '14', '0.00'),
	('10423', '59.00', '44.00', '20', '0.00'),
	('10424', '35.00', '14.40', '60', '0.20'),
	('10424', '38.00', '210.80', '49', '0.20'),
	('10424', '68.00', '10.00', '30', '0.20'),
	('10425', '55.00', '19.20', '10', '0.25'),
	('10425', '76.00', '14.40', '20', '0.25'),
	('10426', '56.00', '30.40', '5', '0.00'),
	('10426', '64.00', '26.60', '7', '0.00'),
	('10427', '14.00', '18.60', '35', '0.00'),
	('10428', '46.00', '9.60', '20', '0.00'),
	('10429', '50.00', '13.00', '40', '0.00'),
	('10429', '63.00', '35.10', '35', '0.25'),
	('1043', '17.00', '31.20', '45', '0.20'),
	('1043', '21.00', '8.00', '50', '0.00'),
	('1043', '56.00', '30.40', '30', '0.00'),
	('1043', '59.00', '44.00', '70', '0.20'),
	('10431', '17.00', '31.20', '50', '0.25'),
	('10431', '40.00', '14.70', '50', '0.25'),
	('10431', '47.00', '7.60', '30', '0.25'),
	('10432', '26.00', '24.90', '10', '0.00'),
	('10432', '54.00', '5.90', '40', '0.00'),
	('10433', '56.00', '30.40', '28', '0.00'),
	('10434', '11.00', '16.80', '6', '0.00'),
	('10434', '76.00', '14.40', '18', '0.15'),
	('10435', '2.00', '15.20', '10', '0.00'),
	('10435', '22.00', '16.80', '12', '0.00'),
	('10435', '72.00', '27.80', '10', '0.00'),
	('10436', '46.00', '9.60', '5', '0.00'),
	('10436', '56.00', '30.40', '40', '0.10'),
	('10436', '64.00', '26.60', '30', '0.10'),
	('10436', '75.00', '6.20', '24', '0.10'),
	('10437', '53.00', '26.20', '15', '0.00'),
	('10438', '19.00', '7.30', '15', '0.20'),
	('10438', '34.00', '11.20', '20', '0.20'),
	('10438', '57.00', '15.60', '15', '0.20'),
	('10439', '12.00', '30.40', '15', '0.00'),
	('10439', '16.00', '13.90', '16', '0.00'),
	('10439', '64.00', '26.60', '6', '0.00'),
	('10439', '74.00', '8.00', '30', '0.00'),
	('1044', '2.00', '15.20', '45', '0.15'),
	('1044', '16.00', '13.90', '49', '0.15'),
	('1044', '29.00', '99.00', '24', '0.15'),
	('1044', '61.00', '22.80', '90', '0.15'),
	('10441', '27.00', '35.10', '50', '0.00'),
	('10442', '11.00', '16.80', '30', '0.00'),
	('10442', '54.00', '5.90', '80', '0.00'),
	('10442', '66.00', '13.60', '60', '0.00'),
	('10443', '11.00', '16.80', '6', '0.20'),
	('10443', '28.00', '36.40', '12', '0.00'),
	('10444', '17.00', '31.20', '10', '0.00'),
	('10444', '26.00', '24.90', '15', '0.00'),
	('10444', '35.00', '14.40', '8', '0.00'),
	('10444', '41.00', '7.70', '30', '0.00'),
	('10445', '39.00', '14.40', '6', '0.00'),
	('10445', '54.00', '5.90', '15', '0.00'),
	('10446', '19.00', '7.30', '12', '0.10'),
	('10446', '24.00', '3.60', '20', '0.10'),
	('10446', '31.00', '10.00', '3', '0.10'),
	('10446', '52.00', '5.60', '15', '0.10'),
	('10447', '19.00', '7.30', '40', '0.00'),
	('10447', '65.00', '16.80', '35', '0.00'),
	('10447', '71.00', '17.20', '2', '0.00'),
	('10448', '26.00', '24.90', '6', '0.00'),
	('10448', '40.00', '14.70', '20', '0.00'),
	('10449', '10.00', '24.80', '14', '0.00'),
	('10449', '52.00', '5.60', '20', '0.00'),
	('10449', '62.00', '39.40', '35', '0.00'),
	('1045', '10.00', '24.80', '20', '0.20'),
	('1045', '54.00', '5.90', '6', '0.20'),
	('10451', '55.00', '19.20', '120', '0.10'),
	('10451', '64.00', '26.60', '35', '0.10'),
	('10451', '65.00', '16.80', '28', '0.10'),
	('10451', '77.00', '10.40', '55', '0.10'),
	('10452', '28.00', '36.40', '15', '0.00'),
	('10452', '44.00', '15.50', '100', '0.05'),
	('10453', '48.00', '10.20', '15', '0.10'),
	('10453', '70.00', '12.00', '25', '0.10'),
	('10454', '16.00', '13.90', '20', '0.20'),
	('10454', '33.00', '2.00', '20', '0.20'),
	('10454', '46.00', '9.60', '10', '0.20'),
	('10455', '39.00', '14.40', '20', '0.00'),
	('10455', '53.00', '26.20', '50', '0.00'),
	('10455', '61.00', '22.80', '25', '0.00'),
	('10455', '71.00', '17.20', '30', '0.00'),
	('10456', '21.00', '8.00', '40', '0.15'),
	('10456', '49.00', '16.00', '21', '0.15'),
	('10457', '59.00', '44.00', '36', '0.00'),
	('10458', '26.00', '24.90', '30', '0.00'),
	('10458', '28.00', '36.40', '30', '0.00'),
	('10458', '43.00', '36.80', '20', '0.00'),
	('10458', '56.00', '30.40', '15', '0.00'),
	('10458', '71.00', '17.20', '50', '0.00'),
	('10459', '7.00', '24.00', '16', '0.05'),
	('10459', '46.00', '9.60', '20', '0.05'),
	('10459', '72.00', '27.80', '40', '0.00'),
	('1046', '68.00', '10.00', '21', '0.25'),
	('1046', '75.00', '6.20', '4', '0.25'),
	('10461', '21.00', '8.00', '40', '0.25'),
	('10461', '30.00', '20.70', '28', '0.25'),
	('10461', '55.00', '19.20', '60', '0.25'),
	('10462', '13.00', '4.80', '1', '0.00'),
	('10462', '23.00', '7.20', '21', '0.00'),
	('10463', '19.00', '7.30', '21', '0.00'),
	('10463', '42.00', '11.20', '50', '0.00'),
	('10464', '4.00', '17.60', '16', '0.20'),
	('10464', '43.00', '36.80', '3', '0.00'),
	('10464', '56.00', '30.40', '30', '0.20'),
	('10464', '60.00', '27.20', '20', '0.00'),
	('10465', '24.00', '3.60', '25', '0.00'),
	('10465', '29.00', '99.00', '18', '0.10'),
	('10465', '40.00', '14.70', '20', '0.00'),
	('10465', '45.00', '7.60', '30', '0.10'),
	('10465', '50.00', '13.00', '25', '0.00'),
	('10466', '11.00', '16.80', '10', '0.00'),
	('10466', '46.00', '9.60', '5', '0.00'),
	('10467', '24.00', '3.60', '28', '0.00'),
	('10467', '25.00', '11.20', '12', '0.00'),
	('10468', '30.00', '20.70', '8', '0.00'),
	('10468', '43.00', '36.80', '15', '0.00'),
	('10469', '2.00', '15.20', '40', '0.15'),
	('10469', '16.00', '13.90', '35', '0.15'),
	('10469', '44.00', '15.50', '2', '0.15'),
	('1047', '18.00', '50.00', '30', '0.00'),
	('1047', '23.00', '7.20', '15', '0.00'),
	('1047', '64.00', '26.60', '8', '0.00'),
	('10471', '7.00', '24.00', '30', '0.00'),
	('10471', '56.00', '30.40', '20', '0.00'),
	('10472', '24.00', '3.60', '80', '0.05'),
	('10472', '51.00', '42.40', '18', '0.00'),
	('10473', '33.00', '2.00', '12', '0.00'),
	('10473', '71.00', '17.20', '12', '0.00'),
	('10474', '14.00', '18.60', '12', '0.00'),
	('10474', '28.00', '36.40', '18', '0.00'),
	('10474', '40.00', '14.70', '21', '0.00'),
	('10474', '75.00', '6.20', '10', '0.00'),
	('10475', '31.00', '10.00', '35', '0.15'),
	('10475', '66.00', '13.60', '60', '0.15'),
	('10475', '76.00', '14.40', '42', '0.15'),
	('10476', '55.00', '19.20', '2', '0.05'),
	('10476', '70.00', '12.00', '12', '0.00'),
	('10477', '1.00', '14.40', '15', '0.00'),
	('10477', '21.00', '8.00', '21', '0.25'),
	('10477', '39.00', '14.40', '20', '0.25'),
	('10478', '10.00', '24.80', '20', '0.05'),
	('10479', '38.00', '210.80', '30', '0.00'),
	('10479', '53.00', '26.20', '28', '0.00'),
	('10479', '59.00', '44.00', '60', '0.00'),
	('10479', '64.00', '26.60', '30', '0.00'),
	('1048', '47.00', '7.60', '30', '0.00'),
	('1048', '59.00', '44.00', '12', '0.00'),
	('10481', '49.00', '16.00', '24', '0.00'),
	('10481', '60.00', '27.20', '40', '0.00'),
	('10482', '40.00', '14.70', '10', '0.00'),
	('10483', '34.00', '11.20', '35', '0.05'),
	('10483', '77.00', '10.40', '30', '0.05'),
	('10484', '21.00', '8.00', '14', '0.00'),
	('10484', '40.00', '14.70', '10', '0.00'),
	('10484', '51.00', '42.40', '3', '0.00'),
	('10485', '2.00', '15.20', '20', '0.10'),
	('10485', '3.00', '8.00', '20', '0.10'),
	('10485', '55.00', '19.20', '30', '0.10'),
	('10485', '70.00', '12.00', '60', '0.10'),
	('10486', '11.00', '16.80', '5', '0.00'),
	('10486', '51.00', '42.40', '25', '0.00'),
	('10486', '74.00', '8.00', '16', '0.00'),
	('10487', '19.00', '7.30', '5', '0.00'),
	('10487', '26.00', '24.90', '30', '0.00'),
	('10487', '54.00', '5.90', '24', '0.25'),
	('10488', '59.00', '44.00', '30', '0.00'),
	('10488', '73.00', '12.00', '20', '0.20'),
	('10489', '11.00', '16.80', '15', '0.25'),
	('10489', '16.00', '13.90', '18', '0.00'),
	('1049', '59.00', '44.00', '60', '0.00'),
	('1049', '68.00', '10.00', '30', '0.00'),
	('1049', '75.00', '6.20', '36', '0.00'),
	('10491', '44.00', '15.50', '15', '0.15'),
	('10491', '77.00', '10.40', '7', '0.15'),
	('10492', '25.00', '11.20', '60', '0.05'),
	('10492', '42.00', '11.20', '20', '0.05'),
	('10493', '65.00', '16.80', '15', '0.10'),
	('10493', '66.00', '13.60', '10', '0.10'),
	('10493', '69.00', '28.80', '10', '0.10'),
	('10494', '56.00', '30.40', '30', '0.00'),
	('10495', '23.00', '7.20', '10', '0.00'),
	('10495', '41.00', '7.70', '20', '0.00'),
	('10495', '77.00', '10.40', '5', '0.00'),
	('10496', '31.00', '10.00', '20', '0.05'),
	('10497', '56.00', '30.40', '14', '0.00'),
	('10497', '72.00', '27.80', '25', '0.00'),
	('10497', '77.00', '10.40', '25', '0.00'),
	('10498', '24.00', '4.50', '14', '0.00'),
	('10498', '40.00', '18.40', '5', '0.00'),
	('10498', '42.00', '14.00', '30', '0.00'),
	('10499', '28.00', '45.60', '20', '0.00'),
	('10499', '49.00', '20.00', '25', '0.00'),
	('105', '15.00', '15.50', '12', '0.05'),
	('105', '28.00', '45.60', '8', '0.05'),
	('10501', '54.00', '7.45', '20', '0.00'),
	('10502', '45.00', '9.50', '21', '0.00'),
	('10502', '53.00', '32.80', '6', '0.00'),
	('10502', '67.00', '14.00', '30', '0.00'),
	('10503', '14.00', '23.25', '70', '0.00'),
	('10503', '65.00', '21.05', '20', '0.00'),
	('10504', '2.00', '19.00', '12', '0.00'),
	('10504', '21.00', '10.00', '12', '0.00'),
	('10504', '53.00', '32.80', '10', '0.00'),
	('10504', '61.00', '28.50', '25', '0.00'),
	('10505', '62.00', '49.30', '3', '0.00'),
	('10506', '25.00', '14.00', '18', '0.10'),
	('10506', '70.00', '15.00', '14', '0.10'),
	('10507', '43.00', '46.00', '15', '0.15'),
	('10507', '48.00', '12.75', '15', '0.15'),
	('10508', '13.00', '6.00', '10', '0.00'),
	('10508', '39.00', '18.00', '10', '0.00'),
	('10509', '28.00', '45.60', '3', '0.00'),
	('1051', '29.00', '123.79', '36', '0.00'),
	('1051', '75.00', '7.75', '36', '0.10'),
	('10511', '4.00', '22.00', '50', '0.15'),
	('10511', '7.00', '30.00', '50', '0.15'),
	('10511', '8.00', '40.00', '10', '0.15'),
	('10512', '24.00', '4.50', '10', '0.15'),
	('10512', '46.00', '12.00', '9', '0.15'),
	('10512', '47.00', '9.50', '6', '0.15'),
	('10512', '60.00', '34.00', '12', '0.15'),
	('10513', '21.00', '10.00', '40', '0.20'),
	('10513', '32.00', '32.00', '50', '0.20'),
	('10513', '61.00', '28.50', '15', '0.20'),
	('10514', '20.00', '81.00', '39', '0.00'),
	('10514', '28.00', '45.60', '35', '0.00'),
	('10514', '56.00', '38.00', '70', '0.00'),
	('10514', '65.00', '21.05', '39', '0.00'),
	('10514', '75.00', '7.75', '50', '0.00'),
	('10515', '9.00', '97.00', '16', '0.15'),
	('10515', '16.00', '17.45', '50', '0.00'),
	('10515', '27.00', '43.90', '120', '0.00'),
	('10515', '33.00', '2.50', '16', '0.15'),
	('10515', '60.00', '34.00', '84', '0.15'),
	('10516', '18.00', '62.50', '25', '0.10'),
	('10516', '41.00', '9.65', '80', '0.10'),
	('10516', '42.00', '14.00', '20', '0.00'),
	('10517', '52.00', '7.00', '6', '0.00'),
	('10517', '59.00', '55.00', '4', '0.00'),
	('10517', '70.00', '15.00', '6', '0.00'),
	('10518', '24.00', '4.50', '5', '0.00'),
	('10518', '38.00', '263.50', '15', '0.00'),
	('10518', '44.00', '19.45', '9', '0.00'),
	('10519', '10.00', '31.00', '16', '0.05'),
	('10519', '56.00', '38.00', '40', '0.00'),
	('10519', '60.00', '34.00', '10', '0.05'),
	('1052', '24.00', '4.50', '8', '0.00'),
	('1052', '53.00', '32.80', '5', '0.00'),
	('10521', '35.00', '18.00', '3', '0.00'),
	('10521', '41.00', '9.65', '10', '0.00'),
	('10521', '68.00', '12.50', '6', '0.00'),
	('10522', '1.00', '18.00', '40', '0.20'),
	('10522', '8.00', '40.00', '24', '0.00'),
	('10522', '30.00', '25.89', '20', '0.20'),
	('10522', '40.00', '18.40', '25', '0.20'),
	('10523', '17.00', '39.00', '25', '0.10'),
	('10523', '20.00', '81.00', '15', '0.10'),
	('10523', '37.00', '26.00', '18', '0.10'),
	('10523', '41.00', '9.65', '6', '0.10'),
	('10524', '10.00', '31.00', '2', '0.00'),
	('10524', '30.00', '25.89', '10', '0.00'),
	('10524', '43.00', '46.00', '60', '0.00'),
	('10524', '54.00', '7.45', '15', '0.00'),
	('10525', '36.00', '19.00', '30', '0.00'),
	('10525', '40.00', '18.40', '15', '0.10'),
	('10526', '1.00', '18.00', '8', '0.15'),
	('10526', '13.00', '6.00', '10', '0.00'),
	('10526', '56.00', '38.00', '30', '0.15'),
	('10527', '4.00', '22.00', '50', '0.10'),
	('10527', '36.00', '19.00', '30', '0.10'),
	('10528', '11.00', '21.00', '3', '0.00'),
	('10528', '33.00', '2.50', '8', '0.20'),
	('10528', '72.00', '34.80', '9', '0.00'),
	('10529', '55.00', '24.00', '14', '0.00'),
	('10529', '68.00', '12.50', '20', '0.00'),
	('10529', '69.00', '36.00', '10', '0.00'),
	('1053', '17.00', '39.00', '40', '0.00'),
	('1053', '43.00', '46.00', '25', '0.00'),
	('1053', '61.00', '28.50', '20', '0.00'),
	('1053', '76.00', '18.00', '50', '0.00'),
	('10531', '59.00', '55.00', '2', '0.00'),
	('10532', '30.00', '25.89', '15', '0.00'),
	('10532', '66.00', '17.00', '24', '0.00'),
	('10533', '4.00', '22.00', '50', '0.05'),
	('10533', '72.00', '34.80', '24', '0.00'),
	('10533', '73.00', '15.00', '24', '0.05'),
	('10534', '30.00', '25.89', '10', '0.00'),
	('10534', '40.00', '18.40', '10', '0.20'),
	('10534', '54.00', '7.45', '10', '0.20'),
	('10535', '11.00', '21.00', '50', '0.10'),
	('10535', '40.00', '18.40', '10', '0.10'),
	('10535', '57.00', '19.50', '5', '0.10'),
	('10535', '59.00', '55.00', '15', '0.10'),
	('10536', '12.00', '38.00', '15', '0.25'),
	('10536', '31.00', '12.50', '20', '0.00'),
	('10536', '33.00', '2.50', '30', '0.00'),
	('10536', '60.00', '34.00', '35', '0.25'),
	('10537', '31.00', '12.50', '30', '0.00'),
	('10537', '51.00', '53.00', '6', '0.00'),
	('10537', '58.00', '13.25', '20', '0.00'),
	('10537', '72.00', '34.80', '21', '0.00'),
	('10537', '73.00', '15.00', '9', '0.00'),
	('10538', '70.00', '15.00', '7', '0.00'),
	('10538', '72.00', '34.80', '1', '0.00'),
	('10539', '13.00', '6.00', '8', '0.00'),
	('10539', '21.00', '10.00', '15', '0.00'),
	('10539', '33.00', '2.50', '15', '0.00'),
	('10539', '49.00', '20.00', '6', '0.00'),
	('1054', '3.00', '10.00', '60', '0.00'),
	('1054', '26.00', '31.23', '40', '0.00'),
	('1054', '38.00', '263.50', '30', '0.00'),
	('1054', '68.00', '12.50', '35', '0.00'),
	('10541', '24.00', '4.50', '35', '0.10'),
	('10541', '38.00', '263.50', '4', '0.10'),
	('10541', '65.00', '21.05', '36', '0.10'),
	('10541', '71.00', '21.50', '9', '0.10'),
	('10542', '11.00', '21.00', '15', '0.05'),
	('10542', '54.00', '7.45', '24', '0.05'),
	('10543', '12.00', '38.00', '30', '0.15'),
	('10543', '23.00', '9.00', '70', '0.15'),
	('10544', '28.00', '45.60', '7', '0.00'),
	('10544', '67.00', '14.00', '7', '0.00'),
	('10545', '11.00', '21.00', '10', '0.00'),
	('10546', '7.00', '30.00', '10', '0.00'),
	('10546', '35.00', '18.00', '30', '0.00'),
	('10546', '62.00', '49.30', '40', '0.00'),
	('10547', '32.00', '32.00', '24', '0.15'),
	('10547', '36.00', '19.00', '60', '0.00'),
	('10548', '34.00', '14.00', '10', '0.25'),
	('10548', '41.00', '9.65', '14', '0.00'),
	('10549', '31.00', '12.50', '55', '0.15'),
	('10549', '45.00', '9.50', '100', '0.15'),
	('10549', '51.00', '53.00', '48', '0.15'),
	('1055', '17.00', '39.00', '8', '0.10'),
	('1055', '19.00', '9.20', '10', '0.00'),
	('1055', '21.00', '10.00', '6', '0.10'),
	('1055', '61.00', '28.50', '10', '0.10'),
	('10551', '16.00', '17.45', '40', '0.15'),
	('10551', '35.00', '18.00', '20', '0.15'),
	('10551', '44.00', '19.45', '40', '0.00'),
	('10552', '69.00', '36.00', '18', '0.00'),
	('10552', '75.00', '7.75', '30', '0.00'),
	('10553', '11.00', '21.00', '15', '0.00'),
	('10553', '16.00', '17.45', '14', '0.00'),
	('10553', '22.00', '21.00', '24', '0.00'),
	('10553', '31.00', '12.50', '30', '0.00'),
	('10553', '35.00', '18.00', '6', '0.00'),
	('10554', '16.00', '17.45', '30', '0.05'),
	('10554', '23.00', '9.00', '20', '0.05'),
	('10554', '62.00', '49.30', '20', '0.05'),
	('10554', '77.00', '13.00', '10', '0.05'),
	('10555', '14.00', '23.25', '30', '0.20'),
	('10555', '19.00', '9.20', '35', '0.20'),
	('10555', '24.00', '4.50', '18', '0.20'),
	('10555', '51.00', '53.00', '20', '0.20'),
	('10555', '56.00', '38.00', '40', '0.20'),
	('10556', '72.00', '34.80', '24', '0.00'),
	('10557', '64.00', '33.25', '30', '0.00'),
	('10557', '75.00', '7.75', '20', '0.00'),
	('10558', '47.00', '9.50', '25', '0.00'),
	('10558', '51.00', '53.00', '20', '0.00'),
	('10558', '52.00', '7.00', '30', '0.00'),
	('10558', '53.00', '32.80', '18', '0.00'),
	('10558', '73.00', '15.00', '3', '0.00'),
	('10559', '41.00', '9.65', '12', '0.05'),
	('10559', '55.00', '24.00', '18', '0.05'),
	('1056', '30.00', '25.89', '20', '0.00'),
	('1056', '62.00', '49.30', '15', '0.25'),
	('10561', '44.00', '19.45', '10', '0.00'),
	('10561', '51.00', '53.00', '50', '0.00'),
	('10562', '33.00', '2.50', '20', '0.10'),
	('10562', '62.00', '49.30', '10', '0.10'),
	('10563', '36.00', '19.00', '25', '0.00'),
	('10563', '52.00', '7.00', '70', '0.00'),
	('10564', '17.00', '39.00', '16', '0.05'),
	('10564', '31.00', '12.50', '6', '0.05'),
	('10564', '55.00', '24.00', '25', '0.05'),
	('10565', '24.00', '4.50', '25', '0.10'),
	('10565', '64.00', '33.25', '18', '0.10'),
	('10566', '11.00', '21.00', '35', '0.15'),
	('10566', '18.00', '62.50', '18', '0.15'),
	('10566', '76.00', '18.00', '10', '0.00'),
	('10567', '31.00', '12.50', '60', '0.20'),
	('10567', '51.00', '53.00', '3', '0.00'),
	('10567', '59.00', '55.00', '40', '0.20'),
	('10568', '10.00', '31.00', '5', '0.00'),
	('10569', '31.00', '12.50', '35', '0.20'),
	('10569', '76.00', '18.00', '30', '0.00'),
	('1057', '11.00', '21.00', '15', '0.05'),
	('1057', '56.00', '38.00', '60', '0.05'),
	('10571', '14.00', '23.25', '11', '0.15'),
	('10571', '42.00', '14.00', '28', '0.15'),
	('10572', '16.00', '17.45', '12', '0.10'),
	('10572', '32.00', '32.00', '10', '0.10'),
	('10572', '40.00', '18.40', '50', '0.00'),
	('10572', '75.00', '7.75', '15', '0.10'),
	('10573', '17.00', '39.00', '18', '0.00'),
	('10573', '34.00', '14.00', '40', '0.00'),
	('10573', '53.00', '32.80', '25', '0.00'),
	('10574', '33.00', '2.50', '14', '0.00'),
	('10574', '40.00', '18.40', '2', '0.00'),
	('10574', '62.00', '49.30', '10', '0.00'),
	('10574', '64.00', '33.25', '6', '0.00'),
	('10575', '59.00', '55.00', '12', '0.00'),
	('10575', '63.00', '43.90', '6', '0.00'),
	('10575', '72.00', '34.80', '30', '0.00'),
	('10575', '76.00', '18.00', '10', '0.00'),
	('10576', '1.00', '18.00', '10', '0.00'),
	('10576', '31.00', '12.50', '20', '0.00'),
	('10576', '44.00', '19.45', '21', '0.00'),
	('10577', '39.00', '18.00', '10', '0.00'),
	('10577', '75.00', '7.75', '20', '0.00'),
	('10577', '77.00', '13.00', '18', '0.00'),
	('10578', '35.00', '18.00', '20', '0.00'),
	('10578', '57.00', '19.50', '6', '0.00'),
	('10579', '15.00', '15.50', '10', '0.00'),
	('10579', '75.00', '7.75', '21', '0.00'),
	('1058', '14.00', '23.25', '15', '0.05'),
	('1058', '41.00', '9.65', '9', '0.05'),
	('1058', '65.00', '21.05', '30', '0.05'),
	('10581', '75.00', '7.75', '50', '0.20'),
	('10582', '57.00', '19.50', '4', '0.00'),
	('10582', '76.00', '18.00', '14', '0.00'),
	('10583', '29.00', '123.79', '10', '0.00'),
	('10583', '60.00', '34.00', '24', '0.15'),
	('10583', '69.00', '36.00', '10', '0.15'),
	('10584', '31.00', '12.50', '50', '0.05'),
	('10585', '47.00', '9.50', '15', '0.00'),
	('10586', '52.00', '7.00', '4', '0.15'),
	('10587', '26.00', '31.23', '6', '0.00'),
	('10587', '35.00', '18.00', '20', '0.00'),
	('10587', '77.00', '13.00', '20', '0.00'),
	('10588', '18.00', '62.50', '40', '0.20'),
	('10588', '42.00', '14.00', '100', '0.20'),
	('10589', '35.00', '18.00', '4', '0.00'),
	('1059', '1.00', '18.00', '20', '0.00'),
	('1059', '77.00', '13.00', '60', '0.05'),
	('10591', '3.00', '10.00', '14', '0.00'),
	('10591', '7.00', '30.00', '10', '0.00'),
	('10591', '54.00', '7.45', '50', '0.00'),
	('10592', '15.00', '15.50', '25', '0.05'),
	('10592', '26.00', '31.23', '5', '0.05'),
	('10593', '20.00', '81.00', '21', '0.20'),
	('10593', '69.00', '36.00', '20', '0.20'),
	('10593', '76.00', '18.00', '4', '0.20'),
	('10594', '52.00', '7.00', '24', '0.00'),
	('10594', '58.00', '13.25', '30', '0.00'),
	('10595', '35.00', '18.00', '30', '0.25'),
	('10595', '61.00', '28.50', '120', '0.25'),
	('10595', '69.00', '36.00', '65', '0.25'),
	('10596', '56.00', '38.00', '5', '0.20'),
	('10596', '63.00', '43.90', '24', '0.20'),
	('10596', '75.00', '7.75', '30', '0.20'),
	('10597', '24.00', '4.50', '35', '0.20'),
	('10597', '57.00', '19.50', '20', '0.00'),
	('10597', '65.00', '21.05', '12', '0.20'),
	('10598', '27.00', '43.90', '50', '0.00'),
	('10598', '71.00', '21.50', '9', '0.00'),
	('10599', '62.00', '49.30', '10', '0.00'),
	('106', '54.00', '7.45', '4', '0.00'),
	('106', '73.00', '15.00', '30', '0.00'),
	('10601', '13.00', '6.00', '60', '0.00'),
	('10601', '59.00', '55.00', '35', '0.00'),
	('10602', '77.00', '13.00', '5', '0.25'),
	('10603', '22.00', '21.00', '48', '0.00'),
	('10603', '49.00', '20.00', '25', '0.05'),
	('10604', '48.00', '12.75', '6', '0.10'),
	('10604', '76.00', '18.00', '10', '0.10'),
	('10605', '16.00', '17.45', '30', '0.05'),
	('10605', '59.00', '55.00', '20', '0.05'),
	('10605', '60.00', '34.00', '70', '0.05'),
	('10605', '71.00', '21.50', '15', '0.05'),
	('10606', '4.00', '22.00', '20', '0.20'),
	('10606', '55.00', '24.00', '20', '0.20'),
	('10606', '62.00', '49.30', '10', '0.20'),
	('10607', '7.00', '30.00', '45', '0.00'),
	('10607', '17.00', '39.00', '100', '0.00'),
	('10607', '33.00', '2.50', '14', '0.00'),
	('10607', '40.00', '18.40', '42', '0.00'),
	('10607', '72.00', '34.80', '12', '0.00'),
	('10608', '56.00', '38.00', '28', '0.00'),
	('10609', '1.00', '18.00', '3', '0.00'),
	('10609', '10.00', '31.00', '10', '0.00'),
	('10609', '21.00', '10.00', '6', '0.00'),
	('1061', '36.00', '19.00', '21', '0.25'),
	('10611', '1.00', '18.00', '6', '0.00'),
	('10611', '2.00', '19.00', '10', '0.00'),
	('10611', '60.00', '34.00', '15', '0.00'),
	('10612', '10.00', '31.00', '70', '0.00'),
	('10612', '36.00', '19.00', '55', '0.00'),
	('10612', '49.00', '20.00', '18', '0.00'),
	('10612', '60.00', '34.00', '40', '0.00'),
	('10612', '76.00', '18.00', '80', '0.00'),
	('10613', '13.00', '6.00', '8', '0.10'),
	('10613', '75.00', '7.75', '40', '0.00'),
	('10614', '11.00', '21.00', '14', '0.00'),
	('10614', '21.00', '10.00', '8', '0.00'),
	('10614', '39.00', '18.00', '5', '0.00'),
	('10615', '55.00', '24.00', '5', '0.00'),
	('10616', '38.00', '263.50', '15', '0.05'),
	('10616', '56.00', '38.00', '14', '0.00'),
	('10616', '70.00', '15.00', '15', '0.05'),
	('10616', '71.00', '21.50', '15', '0.05'),
	('10617', '59.00', '55.00', '30', '0.15'),
	('10618', '6.00', '25.00', '70', '0.00'),
	('10618', '56.00', '38.00', '20', '0.00'),
	('10618', '68.00', '12.50', '15', '0.00'),
	('10619', '21.00', '10.00', '42', '0.00'),
	('10619', '22.00', '21.00', '40', '0.00'),
	('1062', '24.00', '4.50', '5', '0.00'),
	('1062', '52.00', '7.00', '5', '0.00'),
	('10621', '19.00', '9.20', '5', '0.00'),
	('10621', '23.00', '9.00', '10', '0.00'),
	('10621', '70.00', '15.00', '20', '0.00'),
	('10621', '71.00', '21.50', '15', '0.00'),
	('10622', '2.00', '19.00', '20', '0.00'),
	('10622', '68.00', '12.50', '18', '0.20'),
	('10623', '14.00', '23.25', '21', '0.00'),
	('10623', '19.00', '9.20', '15', '0.10'),
	('10623', '21.00', '10.00', '25', '0.10'),
	('10623', '24.00', '4.50', '3', '0.00'),
	('10623', '35.00', '18.00', '30', '0.10'),
	('10624', '28.00', '45.60', '10', '0.00'),
	('10624', '29.00', '123.79', '6', '0.00'),
	('10624', '44.00', '19.45', '10', '0.00'),
	('10625', '14.00', '23.25', '3', '0.00'),
	('10625', '42.00', '14.00', '5', '0.00'),
	('10625', '60.00', '34.00', '10', '0.00'),
	('10626', '53.00', '32.80', '12', '0.00'),
	('10626', '60.00', '34.00', '20', '0.00'),
	('10626', '71.00', '21.50', '20', '0.00'),
	('10627', '62.00', '49.30', '15', '0.00'),
	('10627', '73.00', '15.00', '35', '0.15'),
	('10628', '1.00', '18.00', '25', '0.00'),
	('10629', '29.00', '123.79', '20', '0.00'),
	('10629', '64.00', '33.25', '9', '0.00'),
	('1063', '55.00', '24.00', '12', '0.05'),
	('1063', '76.00', '18.00', '35', '0.00'),
	('10631', '75.00', '7.75', '8', '0.10'),
	('10632', '2.00', '19.00', '30', '0.05'),
	('10632', '33.00', '2.50', '20', '0.05'),
	('10633', '12.00', '38.00', '36', '0.15'),
	('10633', '13.00', '6.00', '13', '0.15'),
	('10633', '26.00', '31.23', '35', '0.15'),
	('10633', '62.00', '49.30', '80', '0.15'),
	('10634', '7.00', '30.00', '35', '0.00'),
	('10634', '18.00', '62.50', '50', '0.00'),
	('10634', '51.00', '53.00', '15', '0.00'),
	('10634', '75.00', '7.75', '2', '0.00'),
	('10635', '4.00', '22.00', '10', '0.10'),
	('10635', '5.00', '21.35', '15', '0.10'),
	('10635', '22.00', '21.00', '40', '0.00'),
	('10636', '4.00', '22.00', '25', '0.00'),
	('10636', '58.00', '13.25', '6', '0.00'),
	('10637', '11.00', '21.00', '10', '0.00'),
	('10637', '50.00', '16.25', '25', '0.05'),
	('10637', '56.00', '38.00', '60', '0.05'),
	('10638', '45.00', '9.50', '20', '0.00'),
	('10638', '65.00', '21.05', '21', '0.00'),
	('10638', '72.00', '34.80', '60', '0.00'),
	('10639', '18.00', '62.50', '8', '0.00'),
	('1064', '69.00', '36.00', '20', '0.25'),
	('1064', '70.00', '15.00', '15', '0.25'),
	('10641', '2.00', '19.00', '50', '0.00'),
	('10641', '40.00', '18.40', '60', '0.00'),
	('10642', '21.00', '10.00', '30', '0.20'),
	('10642', '61.00', '28.50', '20', '0.20'),
	('10643', '28.00', '45.60', '15', '0.25'),
	('10643', '39.00', '18.00', '21', '0.25'),
	('10643', '46.00', '12.00', '2', '0.25'),
	('10644', '18.00', '62.50', '4', '0.10'),
	('10644', '43.00', '46.00', '20', '0.00'),
	('10644', '46.00', '12.00', '21', '0.10'),
	('10645', '18.00', '62.50', '20', '0.00'),
	('10645', '36.00', '19.00', '15', '0.00'),
	('10646', '1.00', '18.00', '15', '0.25'),
	('10646', '10.00', '31.00', '18', '0.25'),
	('10646', '71.00', '21.50', '30', '0.25'),
	('10646', '77.00', '13.00', '35', '0.25'),
	('10647', '19.00', '9.20', '30', '0.00'),
	('10647', '39.00', '18.00', '20', '0.00'),
	('10648', '22.00', '21.00', '15', '0.00'),
	('10648', '24.00', '4.50', '15', '0.15'),
	('10649', '28.00', '45.60', '20', '0.00'),
	('10649', '72.00', '34.80', '15', '0.00'),
	('1065', '30.00', '25.89', '30', '0.00'),
	('1065', '53.00', '32.80', '25', '0.05'),
	('1065', '54.00', '7.45', '30', '0.00'),
	('10651', '19.00', '9.20', '12', '0.25'),
	('10651', '22.00', '21.00', '20', '0.25'),
	('10652', '30.00', '25.89', '2', '0.25'),
	('10652', '42.00', '14.00', '20', '0.00'),
	('10653', '16.00', '17.45', '30', '0.10'),
	('10653', '60.00', '34.00', '20', '0.10'),
	('10654', '4.00', '22.00', '12', '0.10'),
	('10654', '39.00', '18.00', '20', '0.10'),
	('10654', '54.00', '7.45', '6', '0.10'),
	('10655', '41.00', '9.65', '20', '0.20'),
	('10656', '14.00', '23.25', '3', '0.10'),
	('10656', '44.00', '19.45', '28', '0.10'),
	('10656', '47.00', '9.50', '6', '0.10'),
	('10657', '15.00', '15.50', '50', '0.00'),
	('10657', '41.00', '9.65', '24', '0.00'),
	('10657', '46.00', '12.00', '45', '0.00'),
	('10657', '47.00', '9.50', '10', '0.00'),
	('10657', '56.00', '38.00', '45', '0.00'),
	('10657', '60.00', '34.00', '30', '0.00'),
	('10658', '21.00', '10.00', '60', '0.00'),
	('10658', '40.00', '18.40', '70', '0.05'),
	('10658', '60.00', '34.00', '55', '0.05'),
	('10658', '77.00', '13.00', '70', '0.05'),
	('10659', '31.00', '12.50', '20', '0.05'),
	('10659', '40.00', '18.40', '24', '0.05'),
	('10659', '70.00', '15.00', '40', '0.05'),
	('1066', '20.00', '81.00', '21', '0.00'),
	('10661', '39.00', '18.00', '3', '0.20'),
	('10661', '58.00', '13.25', '49', '0.20'),
	('10662', '68.00', '12.50', '10', '0.00'),
	('10663', '40.00', '18.40', '30', '0.05'),
	('10663', '42.00', '14.00', '30', '0.05'),
	('10663', '51.00', '53.00', '20', '0.05'),
	('10664', '10.00', '31.00', '24', '0.15'),
	('10664', '56.00', '38.00', '12', '0.15'),
	('10664', '65.00', '21.05', '15', '0.15'),
	('10665', '51.00', '53.00', '20', '0.00'),
	('10665', '59.00', '55.00', '1', '0.00'),
	('10665', '76.00', '18.00', '10', '0.00'),
	('10666', '29.00', '123.79', '36', '0.00'),
	('10666', '65.00', '21.05', '10', '0.00'),
	('10667', '69.00', '36.00', '45', '0.20'),
	('10667', '71.00', '21.50', '14', '0.20'),
	('10668', '31.00', '12.50', '8', '0.10'),
	('10668', '55.00', '24.00', '4', '0.10'),
	('10668', '64.00', '33.25', '15', '0.10'),
	('10669', '36.00', '19.00', '30', '0.00'),
	('1067', '23.00', '9.00', '32', '0.00'),
	('1067', '46.00', '12.00', '60', '0.00'),
	('1067', '67.00', '14.00', '25', '0.00'),
	('1067', '73.00', '15.00', '50', '0.00'),
	('1067', '75.00', '7.75', '25', '0.00'),
	('10671', '16.00', '17.45', '10', '0.00'),
	('10671', '62.00', '49.30', '10', '0.00'),
	('10671', '65.00', '21.05', '12', '0.00'),
	('10672', '38.00', '263.50', '15', '0.10'),
	('10672', '71.00', '21.50', '12', '0.00'),
	('10673', '16.00', '17.45', '3', '0.00'),
	('10673', '42.00', '14.00', '6', '0.00'),
	('10673', '43.00', '46.00', '6', '0.00'),
	('10674', '23.00', '9.00', '5', '0.00'),
	('10675', '14.00', '23.25', '30', '0.00'),
	('10675', '53.00', '32.80', '10', '0.00'),
	('10675', '58.00', '13.25', '30', '0.00'),
	('10676', '10.00', '31.00', '2', '0.00'),
	('10676', '19.00', '9.20', '7', '0.00'),
	('10676', '44.00', '19.45', '21', '0.00'),
	('10677', '26.00', '31.23', '30', '0.15'),
	('10677', '33.00', '2.50', '8', '0.15'),
	('10678', '12.00', '38.00', '100', '0.00'),
	('10678', '33.00', '2.50', '30', '0.00'),
	('10678', '41.00', '9.65', '120', '0.00'),
	('10678', '54.00', '7.45', '30', '0.00'),
	('10679', '59.00', '55.00', '12', '0.00'),
	('1068', '16.00', '17.45', '50', '0.25'),
	('1068', '31.00', '12.50', '20', '0.25'),
	('1068', '42.00', '14.00', '40', '0.25'),
	('10681', '19.00', '9.20', '30', '0.10'),
	('10681', '21.00', '10.00', '12', '0.10'),
	('10681', '64.00', '33.25', '28', '0.00'),
	('10682', '33.00', '2.50', '30', '0.00'),
	('10682', '66.00', '17.00', '4', '0.00'),
	('10682', '75.00', '7.75', '30', '0.00'),
	('10683', '52.00', '7.00', '9', '0.00'),
	('10684', '40.00', '18.40', '20', '0.00'),
	('10684', '47.00', '9.50', '40', '0.00'),
	('10684', '60.00', '34.00', '30', '0.00'),
	('10685', '10.00', '31.00', '20', '0.00'),
	('10685', '41.00', '9.65', '4', '0.00'),
	('10685', '47.00', '9.50', '15', '0.00'),
	('10686', '17.00', '39.00', '30', '0.20'),
	('10686', '26.00', '31.23', '15', '0.00'),
	('10687', '9.00', '97.00', '50', '0.25'),
	('10687', '29.00', '123.79', '10', '0.00'),
	('10687', '36.00', '19.00', '6', '0.25'),
	('10688', '10.00', '31.00', '18', '0.10'),
	('10688', '28.00', '45.60', '60', '0.10'),
	('10688', '34.00', '14.00', '14', '0.00'),
	('10689', '1.00', '18.00', '35', '0.25'),
	('1069', '56.00', '38.00', '20', '0.25'),
	('1069', '77.00', '13.00', '30', '0.25'),
	('10691', '1.00', '18.00', '30', '0.00'),
	('10691', '29.00', '123.79', '40', '0.00'),
	('10691', '43.00', '46.00', '40', '0.00'),
	('10691', '44.00', '19.45', '24', '0.00'),
	('10691', '62.00', '49.30', '48', '0.00'),
	('10692', '63.00', '43.90', '20', '0.00'),
	('10693', '9.00', '97.00', '6', '0.00'),
	('10693', '54.00', '7.45', '60', '0.15'),
	('10693', '69.00', '36.00', '30', '0.15'),
	('10693', '73.00', '15.00', '15', '0.15'),
	('10694', '7.00', '30.00', '90', '0.00'),
	('10694', '59.00', '55.00', '25', '0.00'),
	('10694', '70.00', '15.00', '50', '0.00'),
	('10695', '8.00', '40.00', '10', '0.00'),
	('10695', '12.00', '38.00', '4', '0.00'),
	('10695', '24.00', '4.50', '20', '0.00'),
	('10696', '17.00', '39.00', '20', '0.00'),
	('10696', '46.00', '12.00', '18', '0.00'),
	('10697', '19.00', '9.20', '7', '0.25'),
	('10697', '35.00', '18.00', '9', '0.25'),
	('10697', '58.00', '13.25', '30', '0.25'),
	('10697', '70.00', '15.00', '30', '0.25'),
	('10698', '11.00', '21.00', '15', '0.00'),
	('10698', '17.00', '39.00', '8', '0.05'),
	('10698', '29.00', '123.79', '12', '0.05'),
	('10698', '65.00', '21.05', '65', '0.05'),
	('10698', '70.00', '15.00', '8', '0.05'),
	('10699', '47.00', '9.50', '12', '0.00'),
	('107', '1.00', '18.00', '5', '0.20'),
	('107', '34.00', '14.00', '12', '0.20'),
	('107', '68.00', '12.50', '40', '0.20'),
	('107', '71.00', '21.50', '60', '0.20'),
	('10701', '59.00', '55.00', '42', '0.15'),
	('10701', '71.00', '21.50', '20', '0.15'),
	('10701', '76.00', '18.00', '35', '0.15'),
	('10702', '3.00', '10.00', '6', '0.00'),
	('10702', '76.00', '18.00', '15', '0.00'),
	('10703', '2.00', '19.00', '5', '0.00'),
	('10703', '59.00', '55.00', '35', '0.00'),
	('10703', '73.00', '15.00', '35', '0.00'),
	('10704', '4.00', '22.00', '6', '0.00'),
	('10704', '24.00', '4.50', '35', '0.00'),
	('10704', '48.00', '12.75', '24', '0.00'),
	('10705', '31.00', '12.50', '20', '0.00'),
	('10705', '32.00', '32.00', '4', '0.00'),
	('10706', '16.00', '17.45', '20', '0.00'),
	('10706', '43.00', '46.00', '24', '0.00'),
	('10706', '59.00', '55.00', '8', '0.00'),
	('10707', '55.00', '24.00', '21', '0.00'),
	('10707', '57.00', '19.50', '40', '0.00'),
	('10707', '70.00', '15.00', '28', '0.15'),
	('10708', '5.00', '21.35', '4', '0.00'),
	('10708', '36.00', '19.00', '5', '0.00'),
	('10709', '8.00', '40.00', '40', '0.00'),
	('10709', '51.00', '53.00', '28', '0.00'),
	('10709', '60.00', '34.00', '10', '0.00'),
	('1071', '19.00', '9.20', '5', '0.00'),
	('1071', '47.00', '9.50', '5', '0.00'),
	('10711', '19.00', '9.20', '12', '0.00'),
	('10711', '41.00', '9.65', '42', '0.00'),
	('10711', '53.00', '32.80', '120', '0.00'),
	('10712', '53.00', '32.80', '3', '0.05'),
	('10712', '56.00', '38.00', '30', '0.00'),
	('10713', '10.00', '31.00', '18', '0.00'),
	('10713', '26.00', '31.23', '30', '0.00'),
	('10713', '45.00', '9.50', '110', '0.00'),
	('10713', '46.00', '12.00', '24', '0.00'),
	('10714', '2.00', '19.00', '30', '0.25'),
	('10714', '17.00', '39.00', '27', '0.25'),
	('10714', '47.00', '9.50', '50', '0.25'),
	('10714', '56.00', '38.00', '18', '0.25'),
	('10714', '58.00', '13.25', '12', '0.25'),
	('10715', '10.00', '31.00', '21', '0.00'),
	('10715', '71.00', '21.50', '30', '0.00'),
	('10716', '21.00', '10.00', '5', '0.00'),
	('10716', '51.00', '53.00', '7', '0.00'),
	('10716', '61.00', '28.50', '10', '0.00'),
	('10717', '21.00', '10.00', '32', '0.05'),
	('10717', '54.00', '7.45', '15', '0.00'),
	('10717', '69.00', '36.00', '25', '0.05'),
	('10718', '12.00', '38.00', '36', '0.00'),
	('10718', '16.00', '17.45', '20', '0.00'),
	('10718', '36.00', '19.00', '40', '0.00'),
	('10718', '62.00', '49.30', '20', '0.00'),
	('10719', '18.00', '62.50', '12', '0.25'),
	('10719', '30.00', '25.89', '3', '0.25'),
	('10719', '54.00', '7.45', '40', '0.25'),
	('1072', '35.00', '18.00', '21', '0.00'),
	('1072', '71.00', '21.50', '8', '0.00'),
	('10721', '44.00', '19.45', '50', '0.05'),
	('10722', '2.00', '19.00', '3', '0.00'),
	('10722', '31.00', '12.50', '50', '0.00'),
	('10722', '68.00', '12.50', '45', '0.00'),
	('10722', '75.00', '7.75', '42', '0.00'),
	('10723', '26.00', '31.23', '15', '0.00'),
	('10724', '10.00', '31.00', '16', '0.00'),
	('10724', '61.00', '28.50', '5', '0.00'),
	('10725', '41.00', '9.65', '12', '0.00'),
	('10725', '52.00', '7.00', '4', '0.00'),
	('10725', '55.00', '24.00', '6', '0.00'),
	('10726', '4.00', '22.00', '25', '0.00'),
	('10726', '11.00', '21.00', '5', '0.00'),
	('10727', '17.00', '39.00', '20', '0.05'),
	('10727', '56.00', '38.00', '10', '0.05'),
	('10727', '59.00', '55.00', '10', '0.05'),
	('10728', '30.00', '25.89', '15', '0.00'),
	('10728', '40.00', '18.40', '6', '0.00'),
	('10728', '55.00', '24.00', '12', '0.00'),
	('10728', '60.00', '34.00', '15', '0.00'),
	('10729', '1.00', '18.00', '50', '0.00'),
	('10729', '21.00', '10.00', '30', '0.00'),
	('10729', '50.00', '16.25', '40', '0.00'),
	('1073', '16.00', '17.45', '15', '0.05'),
	('1073', '31.00', '12.50', '3', '0.05'),
	('1073', '65.00', '21.05', '10', '0.05'),
	('10731', '21.00', '10.00', '40', '0.05'),
	('10731', '51.00', '53.00', '30', '0.05'),
	('10732', '76.00', '18.00', '20', '0.00'),
	('10733', '14.00', '23.25', '16', '0.00'),
	('10733', '28.00', '45.60', '20', '0.00'),
	('10733', '52.00', '7.00', '25', '0.00'),
	('10734', '6.00', '25.00', '30', '0.00'),
	('10734', '30.00', '25.89', '15', '0.00'),
	('10734', '76.00', '18.00', '20', '0.00'),
	('10735', '61.00', '28.50', '20', '0.10'),
	('10735', '77.00', '13.00', '2', '0.10'),
	('10736', '65.00', '21.05', '40', '0.00'),
	('10736', '75.00', '7.75', '20', '0.00'),
	('10737', '13.00', '6.00', '4', '0.00'),
	('10737', '41.00', '9.65', '12', '0.00'),
	('10738', '16.00', '17.45', '3', '0.00'),
	('10739', '36.00', '19.00', '6', '0.00'),
	('10739', '52.00', '7.00', '18', '0.00'),
	('1074', '28.00', '45.60', '5', '0.20'),
	('1074', '35.00', '18.00', '35', '0.20'),
	('1074', '45.00', '9.50', '40', '0.20'),
	('1074', '56.00', '38.00', '14', '0.20'),
	('10741', '2.00', '19.00', '15', '0.20'),
	('10742', '3.00', '10.00', '20', '0.00'),
	('10742', '60.00', '34.00', '50', '0.00'),
	('10742', '72.00', '34.80', '35', '0.00'),
	('10743', '46.00', '12.00', '28', '0.05'),
	('10744', '40.00', '18.40', '50', '0.20'),
	('10745', '18.00', '62.50', '24', '0.00'),
	('10745', '44.00', '19.45', '16', '0.00'),
	('10745', '59.00', '55.00', '45', '0.00'),
	('10745', '72.00', '34.80', '7', '0.00'),
	('10746', '13.00', '6.00', '6', '0.00'),
	('10746', '42.00', '14.00', '28', '0.00'),
	('10746', '62.00', '49.30', '9', '0.00'),
	('10746', '69.00', '36.00', '40', '0.00'),
	('10747', '31.00', '12.50', '8', '0.00'),
	('10747', '41.00', '9.65', '35', '0.00'),
	('10747', '63.00', '43.90', '9', '0.00'),
	('10747', '69.00', '36.00', '30', '0.00'),
	('10748', '23.00', '9.00', '44', '0.00'),
	('10748', '40.00', '18.40', '40', '0.00'),
	('10748', '56.00', '38.00', '28', '0.00'),
	('10749', '56.00', '38.00', '15', '0.00'),
	('10749', '59.00', '55.00', '6', '0.00'),
	('10749', '76.00', '18.00', '10', '0.00'),
	('1075', '14.00', '23.25', '5', '0.15'),
	('1075', '45.00', '9.50', '40', '0.15'),
	('1075', '59.00', '55.00', '25', '0.15'),
	('10751', '26.00', '31.23', '12', '0.10'),
	('10751', '30.00', '25.89', '30', '0.00'),
	('10751', '50.00', '16.25', '20', '0.10'),
	('10751', '73.00', '15.00', '15', '0.00'),
	('10752', '1.00', '18.00', '8', '0.00'),
	('10752', '69.00', '36.00', '3', '0.00'),
	('10753', '45.00', '9.50', '4', '0.00'),
	('10753', '74.00', '10.00', '5', '0.00'),
	('10754', '40.00', '18.40', '3', '0.00'),
	('10755', '47.00', '9.50', '30', '0.25'),
	('10755', '56.00', '38.00', '30', '0.25'),
	('10755', '57.00', '19.50', '14', '0.25'),
	('10755', '69.00', '36.00', '25', '0.25'),
	('10756', '18.00', '62.50', '21', '0.20'),
	('10756', '36.00', '19.00', '20', '0.20'),
	('10756', '68.00', '12.50', '6', '0.20'),
	('10756', '69.00', '36.00', '20', '0.20'),
	('10757', '34.00', '14.00', '30', '0.00'),
	('10757', '59.00', '55.00', '7', '0.00'),
	('10757', '62.00', '49.30', '30', '0.00'),
	('10757', '64.00', '33.25', '24', '0.00'),
	('10758', '26.00', '31.23', '20', '0.00'),
	('10758', '52.00', '7.00', '60', '0.00'),
	('10758', '70.00', '15.00', '40', '0.00'),
	('10759', '32.00', '32.00', '10', '0.00'),
	('1076', '25.00', '14.00', '12', '0.25'),
	('1076', '27.00', '43.90', '40', '0.00'),
	('1076', '43.00', '46.00', '30', '0.25'),
	('10761', '25.00', '14.00', '35', '0.25'),
	('10761', '75.00', '7.75', '18', '0.00'),
	('10762', '39.00', '18.00', '16', '0.00'),
	('10762', '47.00', '9.50', '30', '0.00'),
	('10762', '51.00', '53.00', '28', '0.00'),
	('10762', '56.00', '38.00', '60', '0.00'),
	('10763', '21.00', '10.00', '40', '0.00'),
	('10763', '22.00', '21.00', '6', '0.00'),
	('10763', '24.00', '4.50', '20', '0.00'),
	('10764', '3.00', '10.00', '20', '0.10'),
	('10764', '39.00', '18.00', '130', '0.10'),
	('10765', '65.00', '21.05', '80', '0.10'),
	('10766', '2.00', '19.00', '40', '0.00'),
	('10766', '7.00', '30.00', '35', '0.00'),
	('10766', '68.00', '12.50', '40', '0.00'),
	('10767', '42.00', '14.00', '2', '0.00'),
	('10768', '22.00', '21.00', '4', '0.00'),
	('10768', '31.00', '12.50', '50', '0.00'),
	('10768', '60.00', '34.00', '15', '0.00'),
	('10768', '71.00', '21.50', '12', '0.00'),
	('10769', '41.00', '9.65', '30', '0.05'),
	('10769', '52.00', '7.00', '15', '0.05'),
	('10769', '61.00', '28.50', '20', '0.00'),
	('10769', '62.00', '49.30', '15', '0.00'),
	('1077', '11.00', '21.00', '15', '0.25'),
	('10771', '71.00', '21.50', '16', '0.00'),
	('10772', '29.00', '123.79', '18', '0.00'),
	('10772', '59.00', '55.00', '25', '0.00'),
	('10773', '17.00', '39.00', '33', '0.00'),
	('10773', '31.00', '12.50', '70', '0.20'),
	('10773', '75.00', '7.75', '7', '0.20'),
	('10774', '31.00', '12.50', '2', '0.25'),
	('10774', '66.00', '17.00', '50', '0.00'),
	('10775', '10.00', '31.00', '6', '0.00'),
	('10775', '67.00', '14.00', '3', '0.00'),
	('10776', '31.00', '12.50', '16', '0.05'),
	('10776', '42.00', '14.00', '12', '0.05'),
	('10776', '45.00', '9.50', '27', '0.05'),
	('10776', '51.00', '53.00', '120', '0.05'),
	('10777', '42.00', '14.00', '20', '0.20'),
	('10778', '41.00', '9.65', '10', '0.00'),
	('10779', '16.00', '17.45', '20', '0.00'),
	('10779', '62.00', '49.30', '20', '0.00'),
	('1078', '70.00', '15.00', '35', '0.00'),
	('1078', '77.00', '13.00', '15', '0.00'),
	('10781', '54.00', '7.45', '3', '0.20'),
	('10781', '56.00', '38.00', '20', '0.20'),
	('10781', '74.00', '10.00', '35', '0.00'),
	('10782', '31.00', '12.50', '1', '0.00'),
	('10783', '31.00', '12.50', '10', '0.00'),
	('10783', '38.00', '263.50', '5', '0.00'),
	('10784', '36.00', '19.00', '30', '0.00'),
	('10784', '39.00', '18.00', '2', '0.15'),
	('10784', '72.00', '34.80', '30', '0.15'),
	('10785', '10.00', '31.00', '10', '0.00'),
	('10785', '75.00', '7.75', '10', '0.00'),
	('10786', '8.00', '40.00', '30', '0.20'),
	('10786', '30.00', '25.89', '15', '0.20'),
	('10786', '75.00', '7.75', '42', '0.20'),
	('10787', '2.00', '19.00', '15', '0.05'),
	('10787', '29.00', '123.79', '20', '0.05'),
	('10788', '19.00', '9.20', '50', '0.05'),
	('10788', '75.00', '7.75', '40', '0.05'),
	('10789', '18.00', '62.50', '30', '0.00'),
	('10789', '35.00', '18.00', '15', '0.00'),
	('10789', '63.00', '43.90', '30', '0.00'),
	('10789', '68.00', '12.50', '18', '0.00'),
	('1079', '7.00', '30.00', '3', '0.15'),
	('1079', '56.00', '38.00', '20', '0.15'),
	('10791', '29.00', '123.79', '14', '0.05'),
	('10791', '41.00', '9.65', '20', '0.05'),
	('10792', '2.00', '19.00', '10', '0.00'),
	('10792', '54.00', '7.45', '3', '0.00'),
	('10792', '68.00', '12.50', '15', '0.00'),
	('10793', '41.00', '9.65', '14', '0.00'),
	('10793', '52.00', '7.00', '8', '0.00'),
	('10794', '14.00', '23.25', '15', '0.20'),
	('10794', '54.00', '7.45', '6', '0.20'),
	('10795', '16.00', '17.45', '65', '0.00'),
	('10795', '17.00', '39.00', '35', '0.25'),
	('10796', '26.00', '31.23', '21', '0.20'),
	('10796', '44.00', '19.45', '10', '0.00'),
	('10796', '64.00', '33.25', '35', '0.20'),
	('10796', '69.00', '36.00', '24', '0.20'),
	('10797', '11.00', '21.00', '20', '0.00'),
	('10798', '62.00', '49.30', '2', '0.00'),
	('10798', '72.00', '34.80', '10', '0.00'),
	('10799', '13.00', '6.00', '20', '0.15'),
	('10799', '24.00', '4.50', '20', '0.15'),
	('10799', '59.00', '55.00', '25', '0.00'),
	('108', '11.00', '21.00', '50', '0.10'),
	('108', '51.00', '53.00', '10', '0.10'),
	('108', '54.00', '7.45', '7', '0.10'),
	('10801', '17.00', '39.00', '40', '0.25'),
	('10801', '29.00', '123.79', '20', '0.25'),
	('10802', '30.00', '25.89', '25', '0.25'),
	('10802', '51.00', '53.00', '30', '0.25'),
	('10802', '55.00', '24.00', '60', '0.25'),
	('10802', '62.00', '49.30', '5', '0.25'),
	('10803', '19.00', '9.20', '24', '0.05'),
	('10803', '25.00', '14.00', '15', '0.05'),
	('10803', '59.00', '55.00', '15', '0.05'),
	('10804', '10.00', '31.00', '36', '0.00'),
	('10804', '28.00', '45.60', '24', '0.00'),
	('10804', '49.00', '20.00', '4', '0.15'),
	('10805', '34.00', '14.00', '10', '0.00'),
	('10805', '38.00', '263.50', '10', '0.00'),
	('10806', '2.00', '19.00', '20', '0.25'),
	('10806', '65.00', '21.05', '2', '0.00'),
	('10806', '74.00', '10.00', '15', '0.25'),
	('10807', '40.00', '18.40', '1', '0.00'),
	('10808', '56.00', '38.00', '20', '0.15'),
	('10808', '76.00', '18.00', '50', '0.15'),
	('10809', '52.00', '7.00', '20', '0.00'),
	('1081', '13.00', '6.00', '7', '0.00'),
	('1081', '25.00', '14.00', '5', '0.00'),
	('1081', '70.00', '15.00', '5', '0.00'),
	('10811', '19.00', '9.20', '15', '0.00'),
	('10811', '23.00', '9.00', '18', '0.00'),
	('10811', '40.00', '18.40', '30', '0.00'),
	('10812', '31.00', '12.50', '16', '0.10'),
	('10812', '72.00', '34.80', '40', '0.10'),
	('10812', '77.00', '13.00', '20', '0.00'),
	('10813', '2.00', '19.00', '12', '0.20'),
	('10813', '46.00', '12.00', '35', '0.00'),
	('10814', '41.00', '9.65', '20', '0.00'),
	('10814', '43.00', '46.00', '20', '0.15'),
	('10814', '48.00', '12.75', '8', '0.15'),
	('10814', '61.00', '28.50', '30', '0.15'),
	('10815', '33.00', '2.50', '16', '0.00'),
	('10816', '38.00', '263.50', '30', '0.05'),
	('10816', '62.00', '49.30', '20', '0.05'),
	('10817', '26.00', '31.23', '40', '0.15'),
	('10817', '38.00', '263.50', '30', '0.00'),
	('10817', '40.00', '18.40', '60', '0.15'),
	('10817', '62.00', '49.30', '25', '0.15'),
	('10818', '32.00', '32.00', '20', '0.00'),
	('10818', '41.00', '9.65', '20', '0.00'),
	('10819', '43.00', '46.00', '7', '0.00'),
	('10819', '75.00', '7.75', '20', '0.00'),
	('1082', '56.00', '38.00', '30', '0.00'),
	('10821', '35.00', '18.00', '20', '0.00'),
	('10821', '51.00', '53.00', '6', '0.00'),
	('10822', '62.00', '49.30', '3', '0.00'),
	('10822', '70.00', '15.00', '6', '0.00'),
	('10823', '11.00', '21.00', '20', '0.10'),
	('10823', '57.00', '19.50', '15', '0.00'),
	('10823', '59.00', '55.00', '40', '0.10'),
	('10823', '77.00', '13.00', '15', '0.10'),
	('10824', '41.00', '9.65', '12', '0.00'),
	('10824', '70.00', '15.00', '9', '0.00'),
	('10825', '26.00', '31.23', '12', '0.00'),
	('10825', '53.00', '32.80', '20', '0.00'),
	('10826', '31.00', '12.50', '35', '0.00'),
	('10826', '57.00', '19.50', '15', '0.00'),
	('10827', '10.00', '31.00', '15', '0.00'),
	('10827', '39.00', '18.00', '21', '0.00'),
	('10828', '20.00', '81.00', '5', '0.00'),
	('10828', '38.00', '263.50', '2', '0.00'),
	('10829', '2.00', '19.00', '10', '0.00'),
	('10829', '8.00', '40.00', '20', '0.00'),
	('10829', '13.00', '6.00', '10', '0.00'),
	('10829', '60.00', '34.00', '21', '0.00'),
	('1083', '6.00', '25.00', '6', '0.00'),
	('1083', '39.00', '18.00', '28', '0.00'),
	('1083', '60.00', '34.00', '30', '0.00'),
	('1083', '68.00', '12.50', '24', '0.00'),
	('10831', '19.00', '9.20', '2', '0.00'),
	('10831', '35.00', '18.00', '8', '0.00'),
	('10831', '38.00', '263.50', '8', '0.00'),
	('10831', '43.00', '46.00', '9', '0.00'),
	('10832', '13.00', '6.00', '3', '0.20'),
	('10832', '25.00', '14.00', '10', '0.20'),
	('10832', '44.00', '19.45', '16', '0.20'),
	('10832', '64.00', '33.25', '3', '0.00'),
	('10833', '7.00', '30.00', '20', '0.10'),
	('10833', '31.00', '12.50', '9', '0.10'),
	('10833', '53.00', '32.80', '9', '0.10'),
	('10834', '29.00', '123.79', '8', '0.05'),
	('10834', '30.00', '25.89', '20', '0.05'),
	('10835', '59.00', '55.00', '15', '0.00'),
	('10835', '77.00', '13.00', '2', '0.20'),
	('10836', '22.00', '21.00', '52', '0.00'),
	('10836', '35.00', '18.00', '6', '0.00'),
	('10836', '57.00', '19.50', '24', '0.00'),
	('10836', '60.00', '34.00', '60', '0.00'),
	('10836', '64.00', '33.25', '30', '0.00'),
	('10837', '13.00', '6.00', '6', '0.00'),
	('10837', '40.00', '18.40', '25', '0.00'),
	('10837', '47.00', '9.50', '40', '0.25'),
	('10837', '76.00', '18.00', '21', '0.25'),
	('10838', '1.00', '18.00', '4', '0.25'),
	('10838', '18.00', '62.50', '25', '0.25'),
	('10838', '36.00', '19.00', '50', '0.25'),
	('10839', '58.00', '13.25', '30', '0.10'),
	('10839', '72.00', '34.80', '15', '0.10'),
	('1084', '25.00', '14.00', '6', '0.20'),
	('1084', '39.00', '18.00', '10', '0.20'),
	('10841', '10.00', '31.00', '16', '0.00'),
	('10841', '56.00', '38.00', '30', '0.00'),
	('10841', '59.00', '55.00', '50', '0.00'),
	('10841', '77.00', '13.00', '15', '0.00'),
	('10842', '11.00', '21.00', '15', '0.00'),
	('10842', '43.00', '46.00', '5', '0.00'),
	('10842', '68.00', '12.50', '20', '0.00'),
	('10842', '70.00', '15.00', '12', '0.00'),
	('10843', '51.00', '53.00', '4', '0.25'),
	('10844', '22.00', '21.00', '35', '0.00'),
	('10845', '23.00', '9.00', '70', '0.10'),
	('10845', '35.00', '18.00', '25', '0.10'),
	('10845', '42.00', '14.00', '42', '0.10'),
	('10845', '58.00', '13.25', '60', '0.10'),
	('10845', '64.00', '33.25', '48', '0.00'),
	('10846', '4.00', '22.00', '21', '0.00'),
	('10846', '70.00', '15.00', '30', '0.00'),
	('10846', '74.00', '10.00', '20', '0.00'),
	('10847', '1.00', '18.00', '80', '0.20'),
	('10847', '19.00', '9.20', '12', '0.20'),
	('10847', '37.00', '26.00', '60', '0.20'),
	('10847', '45.00', '9.50', '36', '0.20'),
	('10847', '60.00', '34.00', '45', '0.20'),
	('10847', '71.00', '21.50', '55', '0.20'),
	('10848', '5.00', '21.35', '30', '0.00'),
	('10848', '9.00', '97.00', '3', '0.00'),
	('10849', '3.00', '10.00', '49', '0.00'),
	('10849', '26.00', '31.23', '18', '0.15'),
	('1085', '25.00', '14.00', '20', '0.15'),
	('1085', '33.00', '2.50', '4', '0.15'),
	('1085', '70.00', '15.00', '30', '0.15'),
	('10851', '2.00', '19.00', '5', '0.05'),
	('10851', '25.00', '14.00', '10', '0.05'),
	('10851', '57.00', '19.50', '10', '0.05'),
	('10851', '59.00', '55.00', '42', '0.05'),
	('10852', '2.00', '19.00', '15', '0.00'),
	('10852', '17.00', '39.00', '6', '0.00'),
	('10852', '62.00', '49.30', '50', '0.00'),
	('10853', '18.00', '62.50', '10', '0.00'),
	('10854', '10.00', '31.00', '100', '0.15'),
	('10854', '13.00', '6.00', '65', '0.15'),
	('10855', '16.00', '17.45', '50', '0.00'),
	('10855', '31.00', '12.50', '14', '0.00'),
	('10855', '56.00', '38.00', '24', '0.00'),
	('10855', '65.00', '21.05', '15', '0.15'),
	('10856', '2.00', '19.00', '20', '0.00'),
	('10856', '42.00', '14.00', '20', '0.00'),
	('10857', '3.00', '10.00', '30', '0.00'),
	('10857', '26.00', '31.23', '35', '0.25'),
	('10857', '29.00', '123.79', '10', '0.25'),
	('10858', '7.00', '30.00', '5', '0.00'),
	('10858', '27.00', '43.90', '10', '0.00'),
	('10858', '70.00', '15.00', '4', '0.00'),
	('10859', '24.00', '4.50', '40', '0.25'),
	('10859', '54.00', '7.45', '35', '0.25'),
	('10859', '64.00', '33.25', '30', '0.25'),
	('1086', '51.00', '53.00', '3', '0.00'),
	('1086', '76.00', '18.00', '20', '0.00'),
	('10861', '17.00', '39.00', '42', '0.00'),
	('10861', '18.00', '62.50', '20', '0.00'),
	('10861', '21.00', '10.00', '40', '0.00'),
	('10861', '33.00', '2.50', '35', '0.00'),
	('10861', '62.00', '49.30', '3', '0.00'),
	('10862', '11.00', '21.00', '25', '0.00'),
	('10862', '52.00', '7.00', '8', '0.00'),
	('10863', '1.00', '18.00', '20', '0.15'),
	('10863', '58.00', '13.25', '12', '0.15'),
	('10864', '35.00', '18.00', '4', '0.00'),
	('10864', '67.00', '14.00', '15', '0.00'),
	('10865', '38.00', '263.50', '60', '0.05'),
	('10865', '39.00', '18.00', '80', '0.05'),
	('10866', '2.00', '19.00', '21', '0.25'),
	('10866', '24.00', '4.50', '6', '0.25'),
	('10866', '30.00', '25.89', '40', '0.25'),
	('10867', '53.00', '32.80', '3', '0.00'),
	('10868', '26.00', '31.23', '20', '0.00'),
	('10868', '35.00', '18.00', '30', '0.00'),
	('10868', '49.00', '20.00', '42', '0.10'),
	('10869', '1.00', '18.00', '40', '0.00'),
	('10869', '11.00', '21.00', '10', '0.00'),
	('10869', '23.00', '9.00', '50', '0.00'),
	('10869', '68.00', '12.50', '20', '0.00'),
	('1087', '35.00', '18.00', '3', '0.00'),
	('1087', '51.00', '53.00', '2', '0.00'),
	('10871', '6.00', '25.00', '50', '0.05'),
	('10871', '16.00', '17.45', '12', '0.05'),
	('10871', '17.00', '39.00', '16', '0.05'),
	('10872', '55.00', '24.00', '10', '0.05'),
	('10872', '62.00', '49.30', '20', '0.05'),
	('10872', '64.00', '33.25', '15', '0.05'),
	('10872', '65.00', '21.05', '21', '0.05'),
	('10873', '21.00', '10.00', '20', '0.00'),
	('10873', '28.00', '45.60', '3', '0.00'),
	('10874', '10.00', '31.00', '10', '0.00'),
	('10875', '19.00', '9.20', '25', '0.00'),
	('10875', '47.00', '9.50', '21', '0.10'),
	('10875', '49.00', '20.00', '15', '0.00'),
	('10876', '46.00', '12.00', '21', '0.00'),
	('10876', '64.00', '33.25', '20', '0.00'),
	('10877', '16.00', '17.45', '30', '0.25'),
	('10877', '18.00', '62.50', '25', '0.00'),
	('10878', '20.00', '81.00', '20', '0.05'),
	('10879', '40.00', '18.40', '12', '0.00'),
	('10879', '65.00', '21.05', '10', '0.00'),
	('10879', '76.00', '18.00', '10', '0.00'),
	('1088', '23.00', '9.00', '30', '0.20'),
	('1088', '61.00', '28.50', '30', '0.20'),
	('1088', '70.00', '15.00', '50', '0.20'),
	('10881', '73.00', '15.00', '10', '0.00'),
	('10882', '42.00', '14.00', '25', '0.00'),
	('10882', '49.00', '20.00', '20', '0.15'),
	('10882', '54.00', '7.45', '32', '0.15'),
	('10883', '24.00', '4.50', '8', '0.00'),
	('10884', '21.00', '10.00', '40', '0.05'),
	('10884', '56.00', '38.00', '21', '0.05'),
	('10884', '65.00', '21.05', '12', '0.05'),
	('10885', '2.00', '19.00', '20', '0.00'),
	('10885', '24.00', '4.50', '12', '0.00'),
	('10885', '70.00', '15.00', '30', '0.00'),
	('10885', '77.00', '13.00', '25', '0.00'),
	('10886', '10.00', '31.00', '70', '0.00'),
	('10886', '31.00', '12.50', '35', '0.00'),
	('10886', '77.00', '13.00', '40', '0.00'),
	('10887', '25.00', '14.00', '5', '0.00'),
	('10888', '2.00', '19.00', '20', '0.00'),
	('10888', '68.00', '12.50', '18', '0.00'),
	('10889', '11.00', '21.00', '40', '0.00'),
	('10889', '38.00', '263.50', '40', '0.00'),
	('1089', '17.00', '39.00', '15', '0.00'),
	('1089', '34.00', '14.00', '10', '0.00'),
	('1089', '41.00', '9.65', '14', '0.00'),
	('10891', '30.00', '25.89', '15', '0.05'),
	('10892', '59.00', '55.00', '40', '0.05'),
	('10893', '8.00', '40.00', '30', '0.00'),
	('10893', '24.00', '4.50', '10', '0.00'),
	('10893', '29.00', '123.79', '24', '0.00'),
	('10893', '30.00', '25.89', '35', '0.00'),
	('10893', '36.00', '19.00', '20', '0.00'),
	('10894', '13.00', '6.00', '28', '0.05'),
	('10894', '69.00', '36.00', '50', '0.05'),
	('10894', '75.00', '7.75', '120', '0.05'),
	('10895', '24.00', '4.50', '110', '0.00'),
	('10895', '39.00', '18.00', '45', '0.00'),
	('10895', '40.00', '18.40', '91', '0.00'),
	('10895', '60.00', '34.00', '100', '0.00'),
	('10896', '45.00', '9.50', '15', '0.00'),
	('10896', '56.00', '38.00', '16', '0.00'),
	('10897', '29.00', '123.79', '80', '0.00'),
	('10897', '30.00', '25.89', '36', '0.00'),
	('10898', '13.00', '6.00', '5', '0.00'),
	('10899', '39.00', '18.00', '8', '0.15'),
	('109', '70.00', '15.00', '3', '0.25'),
	('10901', '41.00', '9.65', '30', '0.00'),
	('10901', '71.00', '21.50', '30', '0.00'),
	('10902', '55.00', '24.00', '30', '0.15'),
	('10902', '62.00', '49.30', '6', '0.15'),
	('10903', '13.00', '6.00', '40', '0.00'),
	('10903', '65.00', '21.05', '21', '0.00'),
	('10903', '68.00', '12.50', '20', '0.00'),
	('10904', '58.00', '13.25', '15', '0.00'),
	('10904', '62.00', '49.30', '35', '0.00'),
	('10905', '1.00', '18.00', '20', '0.05'),
	('10906', '61.00', '28.50', '15', '0.00'),
	('10907', '75.00', '7.75', '14', '0.00'),
	('10908', '7.00', '30.00', '20', '0.05'),
	('10908', '52.00', '7.00', '14', '0.05'),
	('10909', '7.00', '30.00', '12', '0.00'),
	('10909', '16.00', '17.45', '15', '0.00'),
	('10909', '41.00', '9.65', '5', '0.00'),
	('1091', '19.00', '9.20', '12', '0.00'),
	('1091', '49.00', '20.00', '10', '0.00'),
	('1091', '61.00', '28.50', '5', '0.00'),
	('10911', '1.00', '18.00', '10', '0.00'),
	('10911', '17.00', '39.00', '12', '0.00'),
	('10911', '67.00', '14.00', '15', '0.00'),
	('10912', '11.00', '21.00', '40', '0.25'),
	('10912', '29.00', '123.79', '60', '0.25'),
	('10913', '4.00', '22.00', '30', '0.25'),
	('10913', '33.00', '2.50', '40', '0.25'),
	('10913', '58.00', '13.25', '15', '0.00'),
	('10914', '71.00', '21.50', '25', '0.00'),
	('10915', '17.00', '39.00', '10', '0.00'),
	('10915', '33.00', '2.50', '30', '0.00'),
	('10915', '54.00', '7.45', '10', '0.00'),
	('10916', '16.00', '17.45', '6', '0.00'),
	('10916', '32.00', '32.00', '6', '0.00'),
	('10916', '57.00', '19.50', '20', '0.00'),
	('10917', '30.00', '25.89', '1', '0.00'),
	('10917', '60.00', '34.00', '10', '0.00'),
	('10918', '1.00', '18.00', '60', '0.25'),
	('10918', '60.00', '34.00', '25', '0.25'),
	('10919', '16.00', '17.45', '24', '0.00'),
	('10919', '25.00', '14.00', '24', '0.00'),
	('10919', '40.00', '18.40', '20', '0.00'),
	('1092', '50.00', '16.25', '24', '0.00'),
	('10921', '35.00', '18.00', '10', '0.00'),
	('10921', '63.00', '43.90', '40', '0.00'),
	('10922', '17.00', '39.00', '15', '0.00'),
	('10922', '24.00', '4.50', '35', '0.00'),
	('10923', '42.00', '14.00', '10', '0.20'),
	('10923', '43.00', '46.00', '10', '0.20'),
	('10923', '67.00', '14.00', '24', '0.20'),
	('10924', '10.00', '31.00', '20', '0.10'),
	('10924', '28.00', '45.60', '30', '0.10'),
	('10924', '75.00', '7.75', '6', '0.00'),
	('10925', '36.00', '19.00', '25', '0.15'),
	('10925', '52.00', '7.00', '12', '0.15'),
	('10926', '11.00', '21.00', '2', '0.00'),
	('10926', '13.00', '6.00', '10', '0.00'),
	('10926', '19.00', '9.20', '7', '0.00'),
	('10926', '72.00', '34.80', '10', '0.00'),
	('10927', '20.00', '81.00', '5', '0.00'),
	('10927', '52.00', '7.00', '5', '0.00'),
	('10927', '76.00', '18.00', '20', '0.00'),
	('10928', '47.00', '9.50', '5', '0.00'),
	('10928', '76.00', '18.00', '5', '0.00'),
	('10929', '21.00', '10.00', '60', '0.00'),
	('10929', '75.00', '7.75', '49', '0.00'),
	('10929', '77.00', '13.00', '15', '0.00'),
	('1093', '21.00', '10.00', '36', '0.00'),
	('1093', '27.00', '43.90', '25', '0.00'),
	('1093', '55.00', '24.00', '25', '0.20'),
	('1093', '58.00', '13.25', '30', '0.20'),
	('10931', '13.00', '6.00', '42', '0.15'),
	('10931', '57.00', '19.50', '30', '0.00'),
	('10932', '16.00', '17.45', '30', '0.10'),
	('10932', '62.00', '49.30', '14', '0.10'),
	('10932', '72.00', '34.80', '16', '0.00'),
	('10932', '75.00', '7.75', '20', '0.10'),
	('10933', '53.00', '32.80', '2', '0.00'),
	('10933', '61.00', '28.50', '30', '0.00'),
	('10934', '6.00', '25.00', '20', '0.00'),
	('10935', '1.00', '18.00', '21', '0.00'),
	('10935', '18.00', '62.50', '4', '0.25'),
	('10935', '23.00', '9.00', '8', '0.25'),
	('10936', '36.00', '19.00', '30', '0.20'),
	('10937', '28.00', '45.60', '8', '0.00'),
	('10937', '34.00', '14.00', '20', '0.00'),
	('10938', '13.00', '6.00', '20', '0.25'),
	('10938', '43.00', '46.00', '24', '0.25'),
	('10938', '60.00', '34.00', '49', '0.25'),
	('10938', '71.00', '21.50', '35', '0.25'),
	('10939', '2.00', '19.00', '10', '0.15'),
	('10939', '67.00', '14.00', '40', '0.15'),
	('1094', '7.00', '30.00', '8', '0.00'),
	('1094', '13.00', '6.00', '20', '0.00'),
	('10941', '31.00', '12.50', '44', '0.25'),
	('10941', '62.00', '49.30', '30', '0.25'),
	('10941', '68.00', '12.50', '80', '0.25'),
	('10941', '72.00', '34.80', '50', '0.00'),
	('10942', '49.00', '20.00', '28', '0.00'),
	('10943', '13.00', '6.00', '15', '0.00'),
	('10943', '22.00', '21.00', '21', '0.00'),
	('10943', '46.00', '12.00', '15', '0.00'),
	('10944', '11.00', '21.00', '5', '0.25'),
	('10944', '44.00', '19.45', '18', '0.25'),
	('10944', '56.00', '38.00', '18', '0.00'),
	('10945', '13.00', '6.00', '20', '0.00'),
	('10945', '31.00', '12.50', '10', '0.00'),
	('10946', '10.00', '31.00', '25', '0.00'),
	('10946', '24.00', '4.50', '25', '0.00'),
	('10946', '77.00', '13.00', '40', '0.00'),
	('10947', '59.00', '55.00', '4', '0.00'),
	('10948', '50.00', '16.25', '9', '0.00'),
	('10948', '51.00', '53.00', '40', '0.00'),
	('10948', '55.00', '24.00', '4', '0.00'),
	('10949', '6.00', '25.00', '12', '0.00'),
	('10949', '10.00', '31.00', '30', '0.00'),
	('10949', '17.00', '39.00', '6', '0.00'),
	('10949', '62.00', '49.30', '60', '0.00'),
	('1095', '4.00', '22.00', '5', '0.00'),
	('10951', '33.00', '2.50', '15', '0.05'),
	('10951', '41.00', '9.65', '6', '0.05'),
	('10951', '75.00', '7.75', '50', '0.05'),
	('10952', '6.00', '25.00', '16', '0.05'),
	('10952', '28.00', '45.60', '2', '0.00'),
	('10953', '20.00', '81.00', '50', '0.05'),
	('10953', '31.00', '12.50', '50', '0.05'),
	('10954', '16.00', '17.45', '28', '0.15'),
	('10954', '31.00', '12.50', '25', '0.15'),
	('10954', '45.00', '9.50', '30', '0.00'),
	('10954', '60.00', '34.00', '24', '0.15'),
	('10955', '75.00', '7.75', '12', '0.20'),
	('10956', '21.00', '10.00', '12', '0.00'),
	('10956', '47.00', '9.50', '14', '0.00'),
	('10956', '51.00', '53.00', '8', '0.00'),
	('10957', '30.00', '25.89', '30', '0.00'),
	('10957', '35.00', '18.00', '40', '0.00'),
	('10957', '64.00', '33.25', '8', '0.00'),
	('10958', '5.00', '21.35', '20', '0.00'),
	('10958', '7.00', '30.00', '6', '0.00'),
	('10958', '72.00', '34.80', '5', '0.00'),
	('10959', '75.00', '7.75', '20', '0.15'),
	('1096', '24.00', '4.50', '10', '0.25'),
	('1096', '41.00', '9.65', '24', '0.00'),
	('10961', '52.00', '7.00', '6', '0.05'),
	('10961', '76.00', '18.00', '60', '0.00'),
	('10962', '7.00', '30.00', '45', '0.00'),
	('10962', '13.00', '6.00', '77', '0.00'),
	('10962', '53.00', '32.80', '20', '0.00'),
	('10962', '69.00', '36.00', '9', '0.00'),
	('10962', '76.00', '18.00', '44', '0.00'),
	('10963', '60.00', '34.00', '2', '0.15'),
	('10964', '18.00', '62.50', '6', '0.00'),
	('10964', '38.00', '263.50', '5', '0.00'),
	('10964', '69.00', '36.00', '10', '0.00'),
	('10965', '51.00', '53.00', '16', '0.00'),
	('10966', '37.00', '26.00', '8', '0.00'),
	('10966', '56.00', '38.00', '12', '0.15'),
	('10966', '62.00', '49.30', '12', '0.15'),
	('10967', '19.00', '9.20', '12', '0.00'),
	('10967', '49.00', '20.00', '40', '0.00'),
	('10968', '12.00', '38.00', '30', '0.00'),
	('10968', '24.00', '4.50', '30', '0.00'),
	('10968', '64.00', '33.25', '4', '0.00'),
	('10969', '46.00', '12.00', '9', '0.00'),
	('1097', '52.00', '7.00', '40', '0.20'),
	('10971', '29.00', '123.79', '14', '0.00'),
	('10972', '17.00', '39.00', '6', '0.00'),
	('10972', '33.00', '2.50', '7', '0.00'),
	('10973', '26.00', '31.23', '5', '0.00'),
	('10973', '41.00', '9.65', '6', '0.00'),
	('10973', '75.00', '7.75', '10', '0.00'),
	('10974', '63.00', '43.90', '10', '0.00'),
	('10975', '8.00', '40.00', '16', '0.00'),
	('10975', '75.00', '7.75', '10', '0.00'),
	('10976', '28.00', '45.60', '20', '0.00'),
	('10977', '39.00', '18.00', '30', '0.00'),
	('10977', '47.00', '9.50', '30', '0.00'),
	('10977', '51.00', '53.00', '10', '0.00'),
	('10977', '63.00', '43.90', '20', '0.00'),
	('10978', '8.00', '40.00', '20', '0.15'),
	('10978', '21.00', '10.00', '40', '0.15'),
	('10978', '40.00', '18.40', '10', '0.00'),
	('10978', '44.00', '19.45', '6', '0.15'),
	('10979', '7.00', '30.00', '18', '0.00'),
	('10979', '12.00', '38.00', '20', '0.00'),
	('10979', '24.00', '4.50', '80', '0.00'),
	('10979', '27.00', '43.90', '30', '0.00'),
	('10979', '31.00', '12.50', '24', '0.00'),
	('10979', '63.00', '43.90', '35', '0.00'),
	('1098', '75.00', '7.75', '40', '0.20'),
	('10981', '38.00', '263.50', '60', '0.00'),
	('10982', '7.00', '30.00', '20', '0.00'),
	('10982', '43.00', '46.00', '9', '0.00'),
	('10983', '13.00', '6.00', '84', '0.15'),
	('10983', '57.00', '19.50', '15', '0.00'),
	('10984', '16.00', '17.45', '55', '0.00'),
	('10984', '24.00', '4.50', '20', '0.00'),
	('10984', '36.00', '19.00', '40', '0.00'),
	('10985', '16.00', '17.45', '36', '0.10'),
	('10985', '18.00', '62.50', '8', '0.10'),
	('10985', '32.00', '32.00', '35', '0.10'),
	('10986', '11.00', '21.00', '30', '0.00'),
	('10986', '20.00', '81.00', '15', '0.00'),
	('10986', '76.00', '18.00', '10', '0.00'),
	('10986', '77.00', '13.00', '15', '0.00'),
	('10987', '7.00', '30.00', '60', '0.00'),
	('10987', '43.00', '46.00', '6', '0.00'),
	('10987', '72.00', '34.80', '20', '0.00'),
	('10988', '7.00', '30.00', '60', '0.00'),
	('10988', '62.00', '49.30', '40', '0.10'),
	('10989', '6.00', '25.00', '40', '0.00'),
	('10989', '11.00', '21.00', '15', '0.00'),
	('10989', '41.00', '9.65', '4', '0.00'),
	('1099', '21.00', '10.00', '65', '0.00'),
	('1099', '34.00', '14.00', '60', '0.15'),
	('1099', '55.00', '24.00', '65', '0.15'),
	('1099', '61.00', '28.50', '66', '0.15'),
	('10991', '2.00', '19.00', '50', '0.20'),
	('10991', '70.00', '15.00', '20', '0.20'),
	('10991', '76.00', '18.00', '90', '0.20'),
	('10992', '72.00', '34.80', '2', '0.00'),
	('10993', '29.00', '123.79', '50', '0.25'),
	('10993', '41.00', '9.65', '35', '0.25'),
	('10994', '59.00', '55.00', '18', '0.05'),
	('10995', '51.00', '53.00', '20', '0.00'),
	('10995', '60.00', '34.00', '4', '0.00'),
	('10996', '42.00', '14.00', '40', '0.00'),
	('10997', '32.00', '32.00', '50', '0.00'),
	('10997', '46.00', '12.00', '20', '0.25'),
	('10997', '52.00', '7.00', '20', '0.25'),
	('10998', '24.00', '4.50', '12', '0.00'),
	('10998', '61.00', '28.50', '7', '0.00'),
	('10998', '74.00', '10.00', '20', '0.00'),
	('10998', '75.00', '7.75', '30', '0.00'),
	('10999', '41.00', '9.65', '20', '0.05'),
	('10999', '51.00', '53.00', '15', '0.05'),
	('10999', '77.00', '13.00', '21', '0.05'),
	('11', '4.00', '22.00', '25', '0.25'),
	('11', '24.00', '4.50', '30', '0.25'),
	('11', '77.00', '13.00', '30', '0.00'),
	('11001', '7.00', '30.00', '60', '0.00'),
	('11001', '22.00', '21.00', '25', '0.00'),
	('11001', '46.00', '12.00', '25', '0.00'),
	('11001', '55.00', '24.00', '6', '0.00'),
	('11002', '13.00', '6.00', '56', '0.00'),
	('11002', '35.00', '18.00', '15', '0.15'),
	('11002', '42.00', '14.00', '24', '0.15'),
	('11002', '55.00', '24.00', '40', '0.00'),
	('11003', '1.00', '18.00', '4', '0.00'),
	('11003', '40.00', '18.40', '10', '0.00'),
	('11003', '52.00', '7.00', '10', '0.00'),
	('11004', '26.00', '31.23', '6', '0.00'),
	('11004', '76.00', '18.00', '6', '0.00'),
	('11005', '1.00', '18.00', '2', '0.00'),
	('11005', '59.00', '55.00', '10', '0.00'),
	('11006', '1.00', '18.00', '8', '0.00'),
	('11006', '29.00', '123.79', '2', '0.25'),
	('11007', '8.00', '40.00', '30', '0.00'),
	('11007', '29.00', '123.79', '10', '0.00'),
	('11007', '42.00', '14.00', '14', '0.00'),
	('11008', '28.00', '45.60', '70', '0.05'),
	('11008', '34.00', '14.00', '90', '0.05'),
	('11008', '71.00', '21.50', '21', '0.00'),
	('11009', '24.00', '4.50', '12', '0.00'),
	('11009', '36.00', '19.00', '18', '0.25'),
	('11009', '60.00', '34.00', '9', '0.00'),
	('1101', '7.00', '30.00', '20', '0.00'),
	('1101', '24.00', '4.50', '10', '0.00'),
	('11011', '58.00', '13.25', '40', '0.05'),
	('11011', '71.00', '21.50', '20', '0.00'),
	('11012', '19.00', '9.20', '50', '0.05'),
	('11012', '60.00', '34.00', '36', '0.05'),
	('11012', '71.00', '21.50', '60', '0.05'),
	('11013', '23.00', '9.00', '10', '0.00'),
	('11013', '42.00', '14.00', '4', '0.00'),
	('11013', '45.00', '9.50', '20', '0.00'),
	('11013', '68.00', '12.50', '2', '0.00'),
	('11014', '41.00', '9.65', '28', '0.10'),
	('11015', '30.00', '25.89', '15', '0.00'),
	('11015', '77.00', '13.00', '18', '0.00'),
	('11016', '31.00', '12.50', '15', '0.00'),
	('11016', '36.00', '19.00', '16', '0.00'),
	('11017', '3.00', '10.00', '25', '0.00'),
	('11017', '59.00', '55.00', '110', '0.00'),
	('11017', '70.00', '15.00', '30', '0.00'),
	('11018', '12.00', '38.00', '20', '0.00'),
	('11018', '18.00', '62.50', '10', '0.00'),
	('11018', '56.00', '38.00', '5', '0.00'),
	('11019', '46.00', '12.00', '3', '0.00'),
	('11019', '49.00', '20.00', '2', '0.00'),
	('1102', '10.00', '31.00', '24', '0.15'),
	('11021', '2.00', '19.00', '11', '0.25'),
	('11021', '20.00', '81.00', '15', '0.00'),
	('11021', '26.00', '31.23', '63', '0.00'),
	('11021', '51.00', '53.00', '44', '0.25'),
	('11021', '72.00', '34.80', '35', '0.00'),
	('11022', '19.00', '9.20', '35', '0.00'),
	('11022', '69.00', '36.00', '30', '0.00'),
	('11023', '7.00', '30.00', '4', '0.00'),
	('11023', '43.00', '46.00', '30', '0.00'),
	('11024', '26.00', '31.23', '12', '0.00'),
	('11024', '33.00', '2.50', '30', '0.00'),
	('11024', '65.00', '21.05', '21', '0.00'),
	('11024', '71.00', '21.50', '50', '0.00'),
	('11025', '1.00', '18.00', '10', '0.10'),
	('11025', '13.00', '6.00', '20', '0.10'),
	('11026', '18.00', '62.50', '8', '0.00'),
	('11026', '51.00', '53.00', '10', '0.00'),
	('11027', '24.00', '4.50', '30', '0.25'),
	('11027', '62.00', '49.30', '21', '0.25'),
	('11028', '55.00', '24.00', '35', '0.00'),
	('11028', '59.00', '55.00', '24', '0.00'),
	('11029', '56.00', '38.00', '20', '0.00'),
	('11029', '63.00', '43.90', '12', '0.00'),
	('1103', '2.00', '19.00', '100', '0.25'),
	('1103', '5.00', '21.35', '70', '0.00'),
	('1103', '29.00', '123.79', '60', '0.25'),
	('1103', '59.00', '55.00', '100', '0.25'),
	('11031', '1.00', '18.00', '45', '0.00'),
	('11031', '13.00', '6.00', '80', '0.00'),
	('11031', '24.00', '4.50', '21', '0.00'),
	('11031', '64.00', '33.25', '20', '0.00'),
	('11031', '71.00', '21.50', '16', '0.00'),
	('11032', '36.00', '19.00', '35', '0.00'),
	('11032', '38.00', '263.50', '25', '0.00'),
	('11032', '59.00', '55.00', '30', '0.00'),
	('11033', '53.00', '32.80', '70', '0.10'),
	('11033', '69.00', '36.00', '36', '0.10'),
	('11034', '21.00', '10.00', '15', '0.10'),
	('11034', '44.00', '19.45', '12', '0.00'),
	('11034', '61.00', '28.50', '6', '0.00'),
	('11035', '1.00', '18.00', '10', '0.00'),
	('11035', '35.00', '18.00', '60', '0.00'),
	('11035', '42.00', '14.00', '30', '0.00'),
	('11035', '54.00', '7.45', '10', '0.00'),
	('11036', '13.00', '6.00', '7', '0.00'),
	('11036', '59.00', '55.00', '30', '0.00'),
	('11037', '70.00', '15.00', '4', '0.00'),
	('11038', '40.00', '18.40', '5', '0.20'),
	('11038', '52.00', '7.00', '2', '0.00'),
	('11038', '71.00', '21.50', '30', '0.00'),
	('11039', '28.00', '45.60', '20', '0.00'),
	('11039', '35.00', '18.00', '24', '0.00'),
	('11039', '49.00', '20.00', '60', '0.00'),
	('11039', '57.00', '19.50', '28', '0.00'),
	('1104', '21.00', '10.00', '20', '0.00'),
	('11041', '2.00', '19.00', '30', '0.20'),
	('11041', '63.00', '43.90', '30', '0.00'),
	('11042', '44.00', '19.45', '15', '0.00'),
	('11042', '61.00', '28.50', '4', '0.00'),
	('11043', '11.00', '21.00', '10', '0.00'),
	('11044', '62.00', '49.30', '12', '0.00'),
	('11045', '33.00', '2.50', '15', '0.00'),
	('11045', '51.00', '53.00', '24', '0.00'),
	('11046', '12.00', '38.00', '20', '0.05'),
	('11046', '32.00', '32.00', '15', '0.05'),
	('11046', '35.00', '18.00', '18', '0.05'),
	('11047', '1.00', '18.00', '25', '0.25'),
	('11047', '5.00', '21.35', '30', '0.25'),
	('11048', '68.00', '12.50', '42', '0.00'),
	('11049', '2.00', '19.00', '10', '0.20'),
	('11049', '12.00', '38.00', '4', '0.20'),
	('1105', '76.00', '18.00', '50', '0.10'),
	('11051', '24.00', '4.50', '10', '0.20'),
	('11052', '43.00', '46.00', '30', '0.20'),
	('11052', '61.00', '28.50', '10', '0.20'),
	('11053', '18.00', '62.50', '35', '0.20'),
	('11053', '32.00', '32.00', '20', '0.00'),
	('11053', '64.00', '33.25', '25', '0.20'),
	('11054', '33.00', '2.50', '10', '0.00'),
	('11054', '67.00', '14.00', '20', '0.00'),
	('11055', '24.00', '4.50', '15', '0.00'),
	('11055', '25.00', '14.00', '15', '0.00'),
	('11055', '51.00', '53.00', '20', '0.00'),
	('11055', '57.00', '19.50', '20', '0.00'),
	('11056', '7.00', '30.00', '40', '0.00'),
	('11056', '55.00', '24.00', '35', '0.00'),
	('11056', '60.00', '34.00', '50', '0.00'),
	('11057', '70.00', '15.00', '3', '0.00'),
	('11058', '21.00', '10.00', '3', '0.00'),
	('11058', '60.00', '34.00', '21', '0.00'),
	('11058', '61.00', '28.50', '4', '0.00'),
	('11059', '13.00', '6.00', '30', '0.00'),
	('11059', '17.00', '39.00', '12', '0.00'),
	('11059', '60.00', '34.00', '35', '0.00'),
	('1106', '60.00', '34.00', '4', '0.00'),
	('1106', '77.00', '13.00', '10', '0.00'),
	('11061', '60.00', '34.00', '15', '0.00'),
	('11062', '53.00', '32.80', '10', '0.20'),
	('11062', '70.00', '15.00', '12', '0.20'),
	('11063', '34.00', '14.00', '30', '0.00'),
	('11063', '40.00', '18.40', '40', '0.10'),
	('11063', '41.00', '9.65', '30', '0.10'),
	('11064', '17.00', '39.00', '77', '0.10'),
	('11064', '41.00', '9.65', '12', '0.00'),
	('11064', '53.00', '32.80', '25', '0.10'),
	('11064', '55.00', '24.00', '4', '0.10'),
	('11064', '68.00', '12.50', '55', '0.00'),
	('11065', '30.00', '25.89', '4', '0.25'),
	('11065', '54.00', '7.45', '20', '0.25'),
	('11066', '16.00', '17.45', '3', '0.00'),
	('11066', '19.00', '9.20', '42', '0.00'),
	('11066', '34.00', '14.00', '35', '0.00'),
	('11067', '41.00', '9.65', '9', '0.00'),
	('11068', '28.00', '45.60', '8', '0.15'),
	('11068', '43.00', '46.00', '36', '0.15'),
	('11068', '77.00', '13.00', '28', '0.15'),
	('11069', '39.00', '18.00', '20', '0.00'),
	('1107', '1.00', '18.00', '40', '0.15'),
	('1107', '2.00', '19.00', '20', '0.15'),
	('1107', '16.00', '17.45', '30', '0.15'),
	('1107', '31.00', '12.50', '20', '0.00'),
	('11071', '7.00', '30.00', '15', '0.05'),
	('11071', '13.00', '6.00', '10', '0.05'),
	('11072', '2.00', '19.00', '8', '0.00'),
	('11072', '41.00', '9.65', '40', '0.00'),
	('11072', '50.00', '16.25', '22', '0.00'),
	('11072', '64.00', '33.25', '130', '0.00'),
	('11073', '11.00', '21.00', '10', '0.00'),
	('11073', '24.00', '4.50', '20', '0.00'),
	('11074', '16.00', '17.45', '14', '0.05'),
	('11075', '2.00', '19.00', '10', '0.15'),
	('11075', '46.00', '12.00', '30', '0.15'),
	('11075', '76.00', '18.00', '2', '0.15'),
	('11076', '6.00', '25.00', '20', '0.25'),
	('11076', '14.00', '23.25', '20', '0.25'),
	('11076', '19.00', '9.20', '10', '0.25'),
	('11077', '2.00', '19.00', '24', '0.20'),
	('11077', '3.00', '10.00', '4', '0.00'),
	('11077', '4.00', '22.00', '1', '0.00'),
	('11077', '6.00', '25.00', '1', '0.02'),
	('11077', '7.00', '30.00', '1', '0.05'),
	('11077', '8.00', '40.00', '2', '0.10'),
	('11077', '10.00', '31.00', '1', '0.00'),
	('11077', '12.00', '38.00', '2', '0.05'),
	('11077', '13.00', '6.00', '4', '0.00'),
	('11077', '14.00', '23.25', '1', '0.03'),
	('11077', '16.00', '17.45', '2', '0.03'),
	('11077', '20.00', '81.00', '1', '0.04'),
	('11077', '23.00', '9.00', '2', '0.00'),
	('11077', '32.00', '32.00', '1', '0.00'),
	('11077', '39.00', '18.00', '2', '0.05'),
	('11077', '41.00', '9.65', '3', '0.00'),
	('11077', '46.00', '12.00', '3', '0.02'),
	('11077', '52.00', '7.00', '2', '0.00'),
	('11077', '55.00', '24.00', '2', '0.00'),
	('11077', '60.00', '34.00', '2', '0.06'),
	('11077', '64.00', '33.25', '2', '0.03'),
	('11077', '66.00', '17.00', '1', '0.00'),
	('11077', '73.00', '15.00', '2', '0.01'),
	('11077', '75.00', '7.75', '4', '0.00'),
	('11077', '77.00', '13.00', '2', '0.00');

  CREATE TABLE Lieferant (
    LieferantenNr	INT,
    Firma	VARCHAR(512),
    Kontaktperson	VARCHAR(512),
    Position	VARCHAR(512),
    Straße	VARCHAR(512),
    Ort	VARCHAR(512),
    Region	VARCHAR(512),
    PLZ	INT,
    Land	VARCHAR(512),
    Telefon	VARCHAR(512),
    Telefax	VARCHAR(512),
    Homepage	VARCHAR(512)
);

INSERT INTO Lieferant (LieferantenNr, Firma, Kontaktperson, Position, Straße, Ort, Region, PLZ, Land, Telefon, Telefax, Homepage) VALUES
	('1', 'Exotic Liquids', 'Charlotte Cooper', 'Einkaufsmanager', '49 Gilbert St.', 'London', NULL, 'EC1 4SD', 'Großbritannien', '(71) 555-2222', NULL, NULL),
	('2', 'New Orleans Cajun Delights', 'Shelley Burke', 'Bestellungen-Sachbearbeiterin', 'P.O. Box 78934', 'New Orleans', 'LA', '70117', 'USA', '(100) 555-4822', NULL, '#CAJUN.HTM#'),
	('3', 'Grandma Kelly\'s Homestead', 'Regina Murphy', 'Vertriebsmitarbeiterin', '707 Oxford Rd.', 'Ann Arbor', 'MI', '48104', 'USA', '(313) 555-5735', '(313) 555-3349', NULL),
	('4', 'Tokyo Traders', 'Yoshi Nagase', 'Marketingmanager', '9-8 Sekimai Musashino-shi', 'Tokyo', NULL, '100', 'Japan', '(03) 3555-5011', NULL, NULL),
	('5', 'Cooperativa de Quesos \'Las Cabras\'', 'Antonio del Valle Saavedra', 'Exportadministrator', 'Calle del Rosal 4', 'Oviedo', 'Asturias', '33007', 'Spanien', '(98) 598 76 54', NULL, NULL),
	('6', 'Mayumi\'s', 'Mayumi Ohno', 'Marketingrepräsentant', '92 Setsuko Chuo-ku', 'Osaka', NULL, '545', 'Japan', '(06) 431-7877', NULL, 'Mayumi\'s (im World Wide Web)#http://www.microsoft.com/accessdev/sampleapps/mayumi.htm#'),
	('7', 'Pavlova, Ltd.', 'Ian Devling', 'Marketingmanager', '74 Rose St. Moonie Ponds', 'Melbourne', 'Victoria', '3058', 'Australien', '(03) 444-2343', '(03) 444-6588', NULL),
	('8', 'Specialty Biscuits, Ltd.', 'Peter Wilson', 'Vertriebsmitarbeiter', '29 King\'s Way', 'Manchester', NULL, 'M14 GSD', 'Großbritannien', '(26) 555-4448', NULL, NULL),
	('9', 'PB Knäckebröd AB', 'Lars Peterson', 'Vertriebsagent', 'Kaloadagatan 13', 'Göteborg', NULL, 'S-345 67', 'Schweden', '031-987 65 43', '031-987 65 91', NULL),
	('10', 'Refrescos Americanas LTDA', 'Carlos Diaz', 'Marketingmanager', 'Av. das Americanas 12.890', 'São Paulo', NULL, '5442', 'Brasilien', '(11) 555 4640', NULL, NULL),
	('11', 'Heli Süßwaren GmbH & Co. KG', 'Petra Winkler', 'Vertriebsmanager', 'Tiergartenstraße 5', 'Berlin', NULL, '10785', 'Deutschland', '(010) 9984510', NULL, NULL),
	('12', 'Plutzer Lebensmittelgroßmärkte AG', 'Martin Bein', 'Marketingmanager International', 'Bogenallee 51', 'Frankfurt', NULL, '60439', 'Deutschland', '(069) 992755', NULL, 'Plutzer (im World Wide Web)#http://www.microsoft.com/accessdev/sampleapps/plutzer.htm#'),
	('13', 'Nord-Ost-Fisch Handelsgesellschaft mbH', 'Sven Petersen', 'Koordinator Auslandsmärkte', 'Frahmredder 112a', 'Cuxhaven', NULL, '27478', 'Deutschland', '(04721) 8713', '(04721) 8714', NULL),
	('14', 'Formaggi Fortini s.r.l.', 'Elio Rossi', 'Vertriebsmitarbeiter', 'Viale Dante, 75', 'Ravenna', NULL, '48100', 'Italien', '(0544) 60323', '(0544) 60603', '#FORMAGGI.HTM#'),
	('15', 'Norske Meierier', 'Beate Vileid', 'Marketingmanager', 'Hatlevegen 5', 'Sandvika', NULL, '1320', 'Norwegen', '(0)2-953010', NULL, NULL),
	('16', 'Bigfoot Breweries', 'Cheryl Saylor', 'Regionalvertreterin', '3400 - 8th Avenue Suite 210', 'Bend', 'OR', '97101', 'USA', '(503) 555-9931', NULL, NULL),
	('17', 'Svensk Sjöföda AB', 'Michael Björn', 'Vertriebsmitarbeiter', 'Brovallavägen 231', 'Stockholm', NULL, 'S-123 45', 'Schweden', '08-123 45 67', NULL, NULL),
	('18', 'Aux joyeux ecclésiastiques', 'Guylène Nodier', 'Vertriebsmanager', '203, Rue des Francs-Bourgeois', 'Paris', NULL, '75004', 'Frankreich', '(1) 03.83.00.68', '(1) 03.83.00.62', NULL),
	('19', 'New England Seafood Cannery', 'Robb Merchant', 'Großhandelsvertreter', 'Order Processing Dept. 2100 Paul Revere Blvd.', 'Boston', 'MA', '2134', 'USA', '(617) 555-3267', '(617) 555-3389', NULL),
	('20', 'Leka Trading', 'Chandra Leka', 'Inhaberin', '471 Serangoon Loop, Suite #402', 'Singapore', NULL, '512', 'Singapur', '555-8787', NULL, NULL),
	('21', 'Lyngbysild', 'Niels Petersen', 'Vertriebsmanager', 'Lyngbysild Fiskebakken 10', 'Lyngby', NULL, '2800', 'Dänemark', '43844108', '43844115', NULL),
	('22', 'Zaanse Snoepfabriek', 'Dirk Luchte', 'Buchhaltung-Sachbearbeiter', 'Verkoop Rijnweg 22', 'Zaandam', NULL, '9999 ZZ', 'Niederlande', '(12345) 1212', '(12345) 1210', NULL),
	('23', 'Karkki Oy', 'Anne Heikkonen', 'Produktmanager', 'Valtakatu 12', 'Lappeenranta', NULL, '53120', 'Finnland', '(953) 10956', NULL, NULL),
	('24', 'G\'day, Mate', 'Wendy Mackenzie', 'Vertriebsmitarbeiterin', '170 Prince Edward Parade Hunter\'s Hill', 'Sydney', 'NSW', '2042', 'Australien', '(02) 555-5914', '(02) 555-4873', 'G\'day Mate (im World Wide Web)#http://www.microsoft.com/accessdev/sampleapps/gdaymate.htm#'),
	('25', 'Ma Maison', 'Jean-Guy Lauzon', 'Marketingmanager', '2960 Rue St. Laurent', 'Montréal', 'Québec', 'H1J 1C3', 'Kanada', '(514) 555-9022', NULL, NULL),
	('26', 'Pasta Buttini s.r.l.', 'Giovanni Giudici', 'Bestellungen-Sachbearbeiter', 'Via dei Gelsomini, 153', 'Salerno', NULL, '84100', 'Italien', '(089) 6547665', '(089) 6547667', NULL),
	('27', 'Escargots Nouveaux', 'Marie Delamare', 'Vertriebsmanager', '22, rue H. Voiron', 'Montceau', NULL, '71300', 'Frankreich', '85.57.00.07', NULL, NULL),
	('28', 'Gai pâturage', 'Eliane Noz', 'Vertriebsmitarbeiterin', 'Bat. B3, rue des Alpes', 'Annecy', NULL, '74000', 'Frankreich', '38.76.98.06', '38.76.98.58', NULL),
	('29', 'Forêts d\'érables', 'Chantal Goulet', 'Buchhaltung-Sachbearbeiterin', '148 rue Chasseur', 'Ste-Hyacinthe', 'Québec', 'J2S 7S8', 'Kanada', '(514) 555-2955', '(514) 555-2921', NULL);

  CREATE TABLE Kunde (
    KundenCode	VARCHAR(512),
    Firma	VARCHAR(512),
    Kontaktperson	VARCHAR(512),
    Position	VARCHAR(512),
    Straße	VARCHAR(512),
    Ort	VARCHAR(512),
    Region	VARCHAR(512),
    PLZ	VARCHAR(512),
    Land	VARCHAR(512),
    Telefon	VARCHAR(512),
    Telefax	VARCHAR(512)
);

INSERT INTO Kunde (KundenCode, Firma, Kontaktperson, Position, Straße, Ort, Region, PLZ, Land, Telefon, Telefax) VALUES
	('ALFKI', 'Alfreds Futterkiste', 'Maria Anders', 'Vertriebsmitarbeiterin', 'Obere Str. 57', 'Berlin', NULL, '12209', 'Deutschland', '030-0074321', '030-0076545'),
	('ANATR', 'Ana Trujillo Emparedados y helados', 'Ana Trujillo', 'Inhaberin', 'Avda. de la Constitución 2222', 'México D.F.', NULL, '5021', 'Mexiko', '(5) 555-4729', '(5) 555-3745'),
	('ANTON', 'Antonio Moreno Taquería', 'Antonio Moreno', 'Inhaber', 'Mataderos 2312', 'México D.F.', NULL, '5023', 'Mexiko', '(5) 555-3932', NULL),
	('AROUT', 'Around the Horn', 'Thomas Hardy', 'Vertriebsmitarbeiter', '120 Hanover Sq.', 'London', NULL, 'WA1 1DP', 'Großbritannien', '(71) 555-7788', '(71) 555-6750'),
	('BERGS', 'Berglunds snabbköp', 'Christina Berglund', 'Einkaufsleitung', 'Berguvsvägen 8', 'Luleå', NULL, 'S-958 22', 'Schweden', '0921-12 34 65', '0921-12 34 67'),
	('BLAUS', 'Blauer See Delikatessen', 'Hanna Moos', 'Vertriebsmitarbeiterin', 'Forsterstr. 57', 'Mannheim', NULL, '68306', 'Deutschland', '0621-08460', '0621-08924'),
	('BLONP', 'Blondel père et fils', 'Frédérique Citeaux', 'Marketingmanager', '24, place Kléber', 'Strasbourg', NULL, '67000', 'Frankreich', '88.60.15.31', '88.60.15.32'),
	('BOLID', 'Bólido Comidas preparadas', 'Martín Sommer', 'Inhaber', 'C/ Araquil, 67', 'Madrid', NULL, '28023', 'Spanien', '(91) 555 22 82', '(91) 555 91 99'),
	('BONAP', 'Bon app\'', 'Laurence Lebihan', 'Inhaber', '12, rue des Bouchers', 'Marseille', NULL, '13008', 'Frankreich', '91.24.45.40', '91.24.45.41'),
	('BOTTM', 'Bottom-Dollar Markets', 'Elizabeth Lincoln', 'Buchhalterin', '23 Tsawassen Blvd.', 'Tsawassen', 'BC', 'T2F 8M4', 'Kanada', '(604) 555-4729', '(604) 555-3745'),
	('BSBEV', 'B\'s Beverages', 'Victoria Ashworth', 'Vertriebsmitarbeiterin', 'Fauntleroy Circus', 'London', NULL, 'EC2 5NT', 'Großbritannien', '(71) 555-1212', NULL),
	('CACTU', 'Cactus Comidas para llevar', 'Patricio Simpson', 'Vertriebsagent', 'Cerrito 333', 'Buenos Aires', NULL, '1010', 'Argentinien', '(1) 135-5555', '(1) 135-4892'),
	('CENTC', 'Centro comercial Moctezuma', 'Francisco Chang', 'Marketingmanager', 'Sierras de Granada 9993', 'México D.F.', NULL, '5022', 'Mexiko', '(5) 555-3392', '(5) 555-7293'),
	('CHOPS', 'Chop-suey Chinese', 'Yang Wang', 'Inhaber', 'Hauptstr. 29', 'Bern', NULL, '3012', 'Schweiz', '0452-076545', NULL),
	('COMMI', 'Comércio Mineiro', 'Pedro Afonso', 'Vertriebsassistent', 'Av. dos Lusíadas, 23', 'São Paulo', 'SP', '05432-043', 'Brasilien', '(11) 555-7647', NULL),
	('CONSH', 'Consolidated Holdings', 'Elizabeth Brown', 'Vertriebsmitarbeiterin', 'Berkeley Gardens 12 Brewery', 'London', NULL, 'WX1 6LT', 'Großbritannien', '(71) 555-2282', '(71) 555-9199'),
	('DRACD', 'Drachenblut Delikatessen', 'Sven Ottlieb', 'Einkaufsleitung', 'Walserweg 21', 'Aachen', NULL, '52066', 'Deutschland', '0241-039123', '0241-059428'),
	('DUMON', 'Du monde entier', 'Janine Labrune', 'Inhaberin', '67, rue des Cinquante Otages', 'Nantes', NULL, '44000', 'Frankreich', '40.67.88.88', '40.67.89.89'),
	('EASTC', 'Eastern Connection', 'Ann Devon', 'Vertriebsagent', '35 King George', 'London', NULL, 'WX3 6FW', 'Großbritannien', '(71) 555-0297', '(71) 555-3373'),
	('ERNSH', 'Ernst Handel', 'Roland Mendel', 'Vertriebsmanager', 'Kirchgasse 6', 'Graz', NULL, '8010', 'Österreich', '7675-3425', '7675-3426'),
	('FAMIA', 'Familia Arquibaldo', 'Aria Cruz', 'Marketingassistentin', 'Rua Orós, 92', 'São Paulo', 'SP', '05442-030', 'Brasilien', '(11) 555-9857', NULL),
	('FISSA', 'FISSA Fabrica Inter. Salchichas S.A.', 'Diego Roel', 'Buchhalter', 'C/ Moralzarzal, 86', 'Madrid', NULL, '28034', 'Spanien', '(91) 555 94 44', '(91) 555 55 93'),
	('FOLIG', 'Folies gourmandes', 'Martine Rancé', 'Vertriebsagentassistent', '184, chaussée de Tournai', 'Lille', NULL, '59000', 'Frankreich', '20.16.10.16', '20.16.10.17'),
	('FOLKO', 'Folk och fä HB', 'Maria Larsson', 'Inhaberin', 'Åkergatan 24', 'Bräcke', NULL, 'S-844 67', 'Schweden', '0695-34 67 21', NULL),
	('FRANK', 'Frankenversand', 'Peter Franken', 'Marketingmanager', 'Berliner Platz 43', 'München', NULL, '80805', 'Deutschland', '089-0877310', '089-0877451'),
	('FRANR', 'France restauration', 'Carine Schmitt', 'Marketingmanager', '54, rue Royale', 'Nantes', NULL, '44000', 'Frankreich', '40.32.21.21', '40.32.21.20'),
	('FRANS', 'Franchi S.p.A.', 'Paolo Accorti', 'Vertriebsmitarbeiterin', 'Via Monte Bianco 34', 'Torino', NULL, '10100', 'Italien', '011-4988260', '011-4988261'),
	('FURIB', 'Furia Bacalhau e Frutos do Mar', 'Lino Rodriguez', 'Vertriebsmanager', 'Jardim das rosas n. 32', 'Lisboa', NULL, '1675', 'Portugal', '(1) 354-2534', '(1) 354-2535'),
	('GALED', 'Galería del gastrónomo', 'Eduardo Saavedra', 'Marketingmanager', 'Rambla de Cataluña, 23', 'Barcelona', NULL, '8022', 'Spanien', '(93) 203 4560', '(93) 203 4561'),
	('GODOS', 'Godos Cocina Típica', 'José Pedro Freyre', 'Vertriebsmanager', 'C/ Romero, 33', 'Sevilla', NULL, '41101', 'Spanien', '(95) 555 82 82', NULL),
	('GOURL', 'Gourmet Lanchonetes', 'André Fonseca', 'Vertriebsassistent', 'Av. Brasil, 442', 'Campinas', 'SP', '04876-786', 'Brasilien', '(11) 555-9482', NULL),
	('GREAL', 'Great Lakes Food Market', 'Howard Snyder', 'Marketingmanager', '2732 Baker Blvd.', 'Eugene', 'OR', '97403', 'USA', '(503) 555-7555', NULL),
	('GROSR', 'GROSELLA-Restaurante', 'Manuel Pereira', 'Inhaber', '5ª Ave. Los Palos Grandes', 'Caracas', 'DF', '1081', 'Venezuela', '(2) 283-2951', '(2) 283-3397'),
	('HANAR', 'Hanari Carnes', 'Mario Pontes', 'Buchhalter', 'Rua do Paço, 67', 'Rio de Janeiro', 'RJ', '05454-876', 'Brasilien', '(21) 555-0091', '(21) 555-8765'),
	('HILAA', 'HILARIÓN-Abastos', 'Carlos Hernández', 'Vertriebsmitarbeiter', 'Carrera 22 con Ave. Carlos Soublette #8-35', 'San Cristóbal', 'Táchira', '5022', 'Venezuela', '(5) 555-1340', '(5) 555-1948'),
	('HUNGC', 'Hungry Coyote Import Store', 'Yoshi Latimer', 'Vertriebsmitarbeiter', 'City Center Plaza 516 Main St.', 'Elgin', 'OR', '97827', 'USA', '(503) 555-6874', '(503) 555-2376'),
	('HUNGO', 'Hungry Owl All-Night Grocers', 'Patricia McKenna', 'Vertriebsassistentin', '8 Johnstown Road', 'Cork', 'Co. Cork', NULL, 'Irland', '2967 542', '2967 3333'),
	('ISLAT', 'Island Trading', 'Helen Bennett', 'Marketingmanager', 'Garden House Crowther Way', 'Hedge End', 'Lancashire', 'LA9 PX8', 'Großbritannien', '(24) 555-8888', NULL),
	('KOENE', 'Königlich Essen', 'Philip Cramer', 'Vertriebsassistent', 'Maubelstr. 90', 'Brandenburg', NULL, '14776', 'Deutschland', '0555-09876', NULL),
	('LACOR', 'La corne d\'abondance', 'Daniel Tonini', 'Vertriebsmitarbeiter', '67, avenue de l\'Europe', 'Versailles', NULL, '78000', 'Frankreich', '30.59.84.10', '30.59.85.11'),
	('LAMAI', 'La maison d\'Asie', 'Annette Roulet', 'Vertriebsmanager', '1 rue Alsace-Lorraine', 'Toulouse', NULL, '31000', 'Frankreich', '61.77.61.10', '61.77.61.11'),
	('LAUGB', 'Laughing Bacchus Wine Cellars', 'Yoshi Tannamuri', 'Marketingassistent', '1900 Oak St.', 'Vancouver', 'BC', 'V3F 2K1', 'Kanada', '(604) 555-3392', '(604) 555-7293'),
	('LAZYK', 'Lazy K Kountry Store', 'John Steel', 'Marketingmanager', '12 Orchestra Terrace', 'Walla Walla', 'WA', '99362', 'USA', '(509) 555-7969', '(509) 555-6221'),
	('LEHMS', 'Lehmanns Marktstand', 'Renate Messner', 'Vertriebsmitarbeiterin', 'Magazinweg 7', 'Frankfurt a.M.', NULL, '60528', 'Deutschland', '069-0245984', '069-0245874'),
	('LETSS', 'Let\'s Stop N Shop', 'Jaime Yorres', 'Inhaber', '87 Polk St. Suite 5', 'San Francisco', 'CA', '94117', 'USA', '(415) 555-5938', NULL),
	('LILAS', 'LILA-Supermercado', 'Carlos González', 'Buchhalter', 'Carrera 52 con Ave. Bolívar #65-98 Llano Largo', 'Barquisimeto', 'Lara', '3508', 'Venezuela', '(9) 331-6954', '(9) 331-7256'),
	('LINOD', 'LINO-Delicateses', 'Felipe Izquierdo', 'Inhaber', 'Ave. 5 de Mayo Porlamar', 'I. de Margarita', 'Nueva Esparta', '4980', 'Venezuela', '(8) 34-56-12', '(8) 34-93-93'),
	('LONEP', 'Lonesome Pine Restaurant', 'Fran Wilson', 'Vertriebsmanager', '89 Chiaroscuro Rd.', 'Portland', 'OR', '97219', 'USA', '(503) 555-9573', '(503) 555-9646'),
	('MAGAA', 'Magazzini Alimentari Riuniti', 'Giovanni Rovelli', 'Marketingmanager', 'Via Ludovico il Moro 22', 'Bergamo', NULL, '24100', 'Italien', '035-640230', '035-640231'),
	('MAISD', 'Maison Dewey', 'Catherine Dewey', 'Vertriebsagent', 'Rue Joseph-Bens 532', 'Bruxelles', NULL, 'B-1180', 'Belgien', '(02) 201 24 67', '(02) 201 24 68'),
	('MEREP', 'Mère Paillarde', 'Jean Fresnière', 'Marketingassistent', '43 rue St. Laurent', 'Montréal', 'Québec', 'H1J 1C3', 'Kanada', '(514) 555-8054', '(514) 555-8055'),
	('MORGK', 'Morgenstern Gesundkost', 'Alexander Feuer', 'Marketingassistent', 'Heerstr. 22', 'Leipzig', NULL, '4179', 'Deutschland', '0342-023176', NULL),
	('NORTS', 'North/South', 'Simon Crowther', 'Vertriebsassistent', 'South House 300 Queensbridge', 'London', NULL, 'SW7 1RZ', 'Großbritannien', '(71) 555-7733', '(71) 555-2530'),
	('OCEAN', 'Océano Atlántico Ltda.', 'Yvonne Moncada', 'Vertriebsagentin', 'Ing. Gustavo Moncada 8585 Piso 20-A', 'Buenos Aires', NULL, '1010', 'Argentinien', '(1) 135-5333', '(1) 135-5535'),
	('OLDWO', 'Old World Delicatessen', 'Rene Phillips', 'Vertriebsmitarbeiter', '2743 Bering St.', 'Anchorage', 'AK', '99508', 'USA', '(907) 555-7584', '(907) 555-2880'),
	('OTTIK', 'Ottilies Käseladen', 'Henriette Pfalzheim', 'Inhaberin', 'Mehrheimerstr. 369', 'Köln', NULL, '50739', 'Deutschland', '0221-0644327', '0221-0765721'),
	('PARIS', 'Paris spécialités', 'Marie Bertrand', 'Inhaberin', '265, boulevard Charonne', 'Paris', NULL, '75012', 'Frankreich', '(1) 42.34.22.66', '(1) 42.34.22.77'),
	('PERIC', 'Pericles Comidas clásicas', 'Guillermo Fernández', 'Vertriebsmitarbeiter', 'Calle Dr. Jorge Cash 321', 'México D.F.', NULL, '5033', 'Mexiko', '(5) 552-3745', '(5) 545-3745'),
	('PICCO', 'Piccolo und mehr', 'Georg Pipps', 'Vertriebsmanager', 'Geislweg 14', 'Salzburg', NULL, '5020', 'Österreich', '6562-9722', '6562-9723'),
	('PRINI', 'Princesa Isabel Vinhos', 'Isabel de Castro', 'Vertriebsmitarbeiterin', 'Estrada da saúde n. 58', 'Lisboa', NULL, '1756', 'Portugal', '(1) 356-5634', NULL),
	('QUEDE', 'Que Delícia', 'Bernardo Batista', 'Buchhalter', 'Rua da Panificadora, 12', 'Rio de Janeiro', 'RJ', '02389-673', 'Brasilien', '(21) 555-4252', '(21) 555-4545'),
	('QUEEN', 'Queen Cozinha', 'Lúcia Carvalho', 'Marketingassistentin', 'Alameda dos Canàrios, 891', 'São Paulo', 'SP', '05487-020', 'Brasilien', '(11) 555-1189', NULL),
	('QUICK', 'QUICK-Stop', 'Horst Kloss', 'Buchhalter', 'Taucherstraße 10', 'Cunewalde', NULL, '1307', 'Deutschland', '0372-035188', NULL),
	('RANCH', 'Rancho grande', 'Sergio Gutiérrez', 'Vertriebsmitarbeiter', 'Av. del Libertador 900', 'Buenos Aires', NULL, '1010', 'Argentinien', '(1) 123-5555', '(1) 123-5556'),
	('RATTC', 'Rattlesnake Canyon Grocery', 'Paula Wilson', 'Vertriebsassistentin', '2817 Milton Dr.', 'Albuquerque', 'NM', '87110', 'USA', '(505) 555-5939', '(505) 555-3620'),
	('REGGC', 'Reggiani Caseifici', 'Maurizio Moroni', 'Vertriebsassistent', 'Strada Provinciale 124', 'Reggio Emilia', NULL, '42100', 'Italien', '0522-556721', '0522-556722'),
	('RICAR', 'Ricardo Adocicados', 'Janete Limeira', 'Vertriebsagentassistentin', 'Av. Copacabana, 267', 'Rio de Janeiro', 'RJ', '02389-890', 'Brasilien', '(21) 555-3412', NULL),
	('RICSU', 'Richter Supermarkt', 'Michael Holz', 'Vertriebsmanager', 'Grenzacherweg 237', 'Genève', NULL, '1203', 'Schweiz', '0897-034214', NULL),
	('ROMEY', 'Romero y tomillo', 'Alejandra Camino', 'Buchhalterin', 'Gran Vía, 1', 'Madrid', NULL, '28001', 'Spanien', '(91) 745 6200', '(91) 745 6210'),
	('SANTG', 'Santé Gourmet', 'Jonas Bergulfsen', 'Inhaber', 'Erling Skakkes gate 78', 'Stavern', NULL, '4110', 'Norwegen', '07-98 92 35', '07-98 92 47'),
	('SAVEA', 'Save-a-lot Markets', 'Jose Pavarotti', 'Vertriebsmitarbeiter', '187 Suffolk Ln.', 'Boise', 'ID', '83720', 'USA', '(208) 555-8097', NULL),
	('SEVES', 'Seven Seas Imports', 'Hari Kumar', 'Vertriebsmanager', '90 Wadhurst Rd.', 'London', NULL, 'OX15 4NB', 'Großbritannien', '(71) 555-1717', '(71) 555-5646'),
	('SIMOB', 'Simons bistro', 'Jytte Petersen', 'Inhaberin', 'Vinbæltet 34', 'København', NULL, '1734', 'Dänemark', '31 12 34 56', '31 13 35 57'),
	('SPECD', 'Spécialités du monde', 'Dominique Perrier', 'Marketingmanager', '25, rue Lauriston', 'Paris', NULL, '75016', 'Frankreich', '(1) 47.55.60.10', '(1) 47.55.60.20'),
	('SPLIR', 'Split Rail Beer & Ale', 'Art Braunschweiger', 'Vertriebsmanager', 'P.O. Box 555', 'Lander', 'WY', '82520', 'USA', '(307) 555-4680', '(307) 555-6525'),
	('SUPRD', 'Suprêmes délices', 'Pascale Cartrain', 'Buchhalterin', 'Boulevard Tirou, 255', 'Charleroi', NULL, 'B-6000', 'Belgien', '(071) 23 67 22 20', '(071) 23 67 22 21'),
	('THEBI', 'The Big Cheese', 'Liz Nixon', 'Marketingmanager', '89 Jefferson Way Suite 2', 'Portland', 'OR', '97201', 'USA', '(503) 555-3612', NULL),
	('THECR', 'The Cracker Box', 'Liu Wong', 'Marketingassistent', '55 Grizzly Peak Rd.', 'Butte', 'MT', '59801', 'USA', '(406) 555-5834', '(406) 555-8083'),
	('TOMSP', 'Toms Spezialitäten', 'Karin Josephs', 'Marketingmanager', 'Luisenstr. 48', 'Münster', NULL, '44087', 'Deutschland', '0251-031259', '0251-035695'),
	('TORTU', 'Tortuga Restaurante', 'Miguel Angel Paolino', 'Inhaber', 'Avda. Azteca 123', 'México D.F.', NULL, '5033', 'Mexiko', '(5) 555-2933', NULL),
	('TRADH', 'Tradição Hipermercados', 'Anabela Domingues', 'Vertriebsmitarbeiterin', 'Av. Inês de Castro, 414', 'São Paulo', 'SP', '05634-030', 'Brasilien', '(11) 555-2167', '(11) 555-2168'),
	('TRAIH', 'Trail\'s Head Gourmet Provisioners', 'Helvetius Nagy', 'Vertriebsassistent', '722 DaVinci Blvd.', 'Kirkland', 'WA', '98034', 'USA', '(206) 555-8257', '(206) 555-2174'),
	('VAFFE', 'Vaffeljernet', 'Palle Ibsen', 'Vertriebsmanager', 'Smagsløget 45', 'Århus', NULL, '8200', 'Dänemark', '86 21 32 43', '86 22 33 44'),
	('VICTE', 'Victuailles en stock', 'Mary Saveley', 'Vertriebsagent', '2, rue du Commerce', 'Lyon', NULL, '69004', 'Frankreich', '78.32.54.86', '78.32.54.87'),
	('VINET', 'Vins et alcools Chevalier', 'Paul Henriot', 'Buchhalter', '59 rue de l\'Abbaye', 'Reims', NULL, '51100', 'Frankreich', '26.47.15.10', '26.47.15.11'),
	('WANDK', 'Die Wandernde Kuh', 'Rita Müller', 'Vertriebsmitarbeiterin', 'Adenauerallee 900', 'Stuttgart', NULL, '70563', 'Deutschland', '0711-020361', '0711-035428'),
	('WARTH', 'Wartian Herkku', 'Pirkko Koskitalo', 'Buchhalterin', 'Torikatu 38', 'Oulu', NULL, '90110', 'Finnland', '981-443655', '981-443655'),
	('WELLI', 'Wellington Importadora', 'Paula Parente', 'Vertriebsmanager', 'Rua do Mercado, 12', 'Resende', 'SP', '08737-363', 'Brasilien', '(14) 555-8122', NULL),
	('WHITC', 'White Clover Markets', 'Karl Jablonski', 'Inhaber', '305 - 14th Ave. S. Suite 3B', 'Seattle', 'WA', '98128', 'USA', '(206) 555-4112', '(206) 555-4115'),
	('WILMK', 'Wilman Kala', 'Matti Karttunen', 'Inhaber/Marketingassistent', 'Keskuskatu 45', 'Helsinki', NULL, '21240', 'Finnland', '90-224 8858', '90-224 8858'),
	('WOLZA', 'Wolski Zajazd', 'Zbyszek Piestrzeniewicz', 'Inhaber', 'ul. Filtrowa 68', 'Warszawa', NULL, '01-012', 'Polen', '(26) 642-7012', '(26) 642-7012');

  CREATE TABLE Versandfirma (
    FirmenNr	VARCHAR(512),
    Firma	VARCHAR(512),
    Telefon	VARCHAR(512)
);

INSERT INTO Versandfirma (FirmenNr, Firma, Telefon) VALUES
	('1', 'Speedy Express', '(503) 555-9831'),
	('2', 'United Package', '(503) 555-3199'),
	('3', 'Federal Shipping', '(503) 555-9931');

  CREATE TABLE Personal (
    PersonalNr	INT,
    Nachname	VARCHAR(512),
    Vorname	VARCHAR(512),
    Position	VARCHAR(512),
    Anrede	VARCHAR(512),
    Geburtsdatum	VARCHAR(512),
    Einstellung	VARCHAR(512),
    Straße	VARCHAR(512),
    Ort	VARCHAR(512),
    Region	VARCHAR(512),
    PLZ	VARCHAR(512),
    Land	VARCHAR(512),
    TelefonPrivat	VARCHAR(512),
    DurchwahlBüro	INT,
    Bemerkungen	VARCHAR(512),
    Vorgesetzter	VARCHAR(512)
);

INSERT INTO Personal (PersonalNr, Nachname, Vorname, Position, Anrede, Geburtsdatum, Einstellung, Straße, Ort, Region, PLZ, Land, TelefonPrivat, DurchwahlBüro, Bemerkungen, Vorgesetzter) VALUES
	('1', 'Davolio', 'Nancy', 'Vertriebsmitarbeiterin', 'Frau', '12/8/68', '5/1/92', '507 - 20th Ave. E. Apt. 2A', 'Seattle', 'WA', '98122', 'USA', '(206) 555-9857', '5467', 'Studium mit Abschluß BA in Psychologie an der Colorado State University. Kurs ""The Art of the Cold Call."" Mitglied des Clubs ""Toastmasters International"".', '2'),
	('2', 'Fuller', 'Andrew', 'Geschäftsführer', 'Herr', '2/19/52', '8/14/92', '908 W. Capital Way', 'Tacoma', 'WA', '98401', 'USA', '(206) 555-9482', '3457', 'Studium der Betriebswirtschaft an der University of Dallas; Doktorarbeit über Internationales Marketing. Andrew spricht fließend Französisch und Italienisch. Er versteht Deutsch und liest deutsche Zeitungen und Zeitschriften. Eintritt in die Firma als Verkaufsrepräsentant, später Verkaufsleiter, jetzt Geschäftsführer. Mitglied des Sales Management Roundtable und des Verbandes ""Pacific Rim Importers"".', '8'),
	('3', 'Leverling', 'Janet', 'Vertriebsmitarbeiterin', 'Frau', '8/30/63', '4/1/92', '722 Moss Bay Blvd.', 'Kirkland', 'WA', '98033', 'USA', '(206) 555-3412', '3355', 'Studium mit Abschluß BS in Chemie vom Boston College. Sie hat dort außerdem an dem Kurs ""Betriebsführung und -organisation im Lebensmittel-Einzelhandel"" teilgenommen. Eintritt in die Firma als Verkaufsassistentin. Sie wurde zur Verkaufsrepräsentantin befördert.', '8'),
	('4', 'Peacock', 'Margaret', 'Vertriebsmitarbeiterin', 'Frau', '9/19/58', '5/3/93', '4110 Old Redmond Rd.', 'Redmond', 'WA', '98052', 'USA', '(206) 555-8122', '5176', 'Studium der Englischen Literatur am Concordia College mit Abschluß BA. Studium am American Institute of Culinary Arts mit Abschluß MA. Margaret arbeitete temporär in der Londoner Abteilung bevor sie nach Seattle kam.', NULL),
	('5', 'Buchanan', 'Steven', 'Vertriebsmanager', 'Herr', '3/4/55', '10/17/93', '14 Garrett Hill', 'London', NULL, 'SW1 8JR', 'UK', '(71) 555-4848', '3453', 'Studium an der St. Andrews University, Scotland, mit Abschluß BSC. Eintritt in die Firma als Verkaufsrepräsentant. Steven nahm an einem Orientierungskurs in der Seattle Abteilung teil und kehrte dann auf seinen Posten im Londoner Büro zurück, wo er zum Verkaufsleiter befördert wurde. Steven Buchanan hat an mehreren Weiterbildungskursen teilgenommen, darunter ""Erfolgreiches Telemarketing"" und ""Internationales Verkaufsmanagement"". Er spricht fließend Französisch.', NULL),
	('6', 'Suyama', 'Michael', 'Vertriebsmitarbeiter', 'Herr', '7/2/63', '10/17/93', 'Coventry House Miner Rd.', 'London', NULL, 'EC2 7JR', 'UK', '(71) 555-7773', '428', 'Abschlüsse: MA in Wirtschaft (Sussex University) und MBA in Marketing (University of California at Los Angeles). Weiterbildungskurse: Internationale Verkaufsstrategien sowie Zeit-Management für professionelle Verkaufspersonen. Er spricht fließend Japanisch und liest französische, portugiesische und spanische Fachliteratur, Zeitungen und Zeitschriften.', NULL),
	('7', 'King', 'Robert', 'Vertriebsmitarbeiter', 'Dr.', '5/29/60', '1/2/94', 'Edgeham Hollow Winchester Way', 'London', NULL, 'RG1 9SP', 'UK', '(71) 555-5598', '465', 'Englischstudium an der University of Michigan. Vorher war Robert King ein Mitglied der amerikanischen Hilfsorganisation ""Peace Corps"". Dann Eintritt in die Firma. Nach Teilnahme am Kurs: ""Selling in Europe"", Versetzung in die Londoner Abteilung.', NULL),
	('8', 'Callahan', 'Laura', 'Vertriebskoordinatorin', 'Frau', '1/9/58', '3/5/94', '4726 - 11th Ave. N.E.', 'Seattle', 'WA', '98105', 'USA', '(206) 555-1189', '2344', 'Studium mit Abschluß BA in Psychologie an der University of Washington. Kurs: Geschäftsfranzösisch. Laura liest französische Zeitschriften und Zeitungen.', NULL),
	('9', 'Dodsworth', 'Anne', 'Vertriebsmitarbeiterin', 'Frau', '7/2/69', '11/15/94', '7 Houndstooth Rd.', 'London', NULL, 'WG2 7LT', 'UK', '(71) 555-4444', '452', 'Studienabschluß am St. Lawrence College mit BA. Sie spricht fließend Französisch und Deutsch.', NULL);

  CREATE TABLE Bestellung (
    BestellNr	INT,
    KundenCode	VARCHAR(512),
    PersonalNr	INT,
    Bestelldatum	VARCHAR(512),
    Lieferdatum	VARCHAR(512),
    Versanddatum	VARCHAR(512),
    FirmenNr	INT,
    Frachtkosten	DOUBLE,
    Empfänger	VARCHAR(512),
    Straße	VARCHAR(512),
    Ort	VARCHAR(512),
    Region	VARCHAR(512),
    PLZ	INT,
    Bestimmungsland	VARCHAR(512)
);

INSERT INTO Bestellung (BestellNr, KundenCode, PersonalNr, Bestelldatum, Lieferdatum, Versanddatum, FirmenNr, Frachtkosten, Empfänger, Straße, Ort, Region, PLZ, Bestimmungsland) VALUES
	('10248', 'VINET', '5', '04.07.1996', '01.08.1996', '16.07.1996', '3', '32.38', 'Vins et alcools Chevalier', '59 rue de l\'Abbaye', 'Reims', NULL, '511', 'Frankreich'),
	('10249', 'TOMSP', '6', '05.07.1996', '16.08.1996', '10.07.1996', '1', '11.61', 'Toms Spezialitäten', 'Luisenstr. 48', 'Münster', NULL, '44087', 'Deutschland'),
	('10250', 'HANAR', '4', '08.07.1996', '05.08.1996', '12.07.1996', '2', '65.83', 'Hanari Carnes', 'Rua do Paço, 67', 'Rio de Janeiro', 'RJ', '5454', 'Brasilien'),
	('10251', 'VICTE', '3', '08.07.1996', '05.08.1996', '15.07.1996', '1', '41.34', 'Victuailles en stock', '2, rue du Commerce', 'Lyon', NULL, '69004', 'Frankreich'),
	('10252', 'SUPRD', '4', '09.07.1996', '06.08.1996', '11.07.1996', '2', '51.3', 'Suprêmes délices', 'Boulevard Tirou, 255', 'Charleroi', NULL, '0', 'Belgien'),
	('10253', 'HANAR', '3', '10.07.1996', '24.07.1996', '16.07.1996', '2', '58.17', 'Hanari Carnes', 'Rua do Paço, 67', 'Rio de Janeiro', 'RJ', '5454', 'Brasilien'),
	('10254', 'CHOPS', '5', '11.07.1996', '08.08.1996', '23.07.1996', '2', '22.98', 'Chop-suey Chinese', 'Hauptstr. 31', 'Bern', NULL, '3012', 'Schweiz'),
	('10255', 'RICSU', '9', '12.07.1996', '09.08.1996', '15.07.1996', '3', '148.33', 'Richter Supermarkt', 'Starenweg 5', 'Genève', NULL, '1204', 'Schweiz'),
	('10256', 'WELLI', '3', '15.07.1996', '12.08.1996', '17.07.1996', '2', '13.97', 'Wellington Importadora', 'Rua do Mercado, 12', 'Resende', 'SP', '8737', 'Brasilien'),
	('10257', 'HILAA', '4', '16.07.1996', '13.08.1996', '22.07.1996', '3', '81.91', 'HILARIÓN-Abastos', 'Carrera 22 con Ave. Carlos Soublette #8-35', 'San Cristóbal', 'Táchira', '5022', 'Venezuela'),
	('10258', 'ERNSH', '1', '17.07.1996', '14.08.1996', '23.07.1996', '1', '140.51', 'Ernst Handel', 'Kirchgasse 6', 'Graz', NULL, '801', 'Österreich'),
	('10259', 'CENTC', '4', '18.07.1996', '15.08.1996', '25.07.1996', '3', '3.25', 'Centro comercial Moctezuma', 'Sierras de Granada 9993', 'México D.F.', NULL, '5022', 'Mexiko'),
	('10260', 'OTTIK', '4', '19.07.1996', '16.08.1996', '29.07.1996', '1', '55.09', 'Ottilies Käseladen', 'Mehrheimerstr. 369', 'Köln', NULL, '50739', 'Deutschland'),
	('10261', 'QUEDE', '4', '19.07.1996', '16.08.1996', '30.07.1996', '2', '3.05', 'Que Delícia', 'Rua da Panificadora, 12', 'Rio de Janeiro', 'RJ', '2389', 'Brasilien'),
	('10262', 'RATTC', '8', '22.07.1996', '19.08.1996', '25.07.1996', '3', '48.29', 'Rattlesnake Canyon Grocery', '2817 Milton Dr.', 'Albuquerque', 'NM', '8711', 'USA'),
	('10263', 'ERNSH', '9', '23.07.1996', '20.08.1996', '31.07.1996', '3', '146.06', 'Ernst Handel', 'Kirchgasse 6', 'Graz', NULL, '801', 'Österreich'),
	('10264', 'FOLKO', '6', '24.07.1996', '21.08.1996', '23.08.1996', '3', '3.67', 'Folk och fä HB', 'Åkergatan 24', 'Bräcke', NULL, '0', 'Schweden'),
	('10265', 'BLONP', '2', '25.07.1996', '22.08.1996', '12.08.1996', '1', '55.28', 'Blondel père et fils', '24, place Kléber', 'Strasbourg', NULL, '67', 'Frankreich'),
	('10266', 'WARTH', '3', '26.07.1996', '06.09.1996', '31.07.1996', '3', '25.73', 'Wartian Herkku', 'Torikatu 38', 'Oulu', NULL, '9011', 'Finnland'),
	('10267', 'FRANK', '4', '29.07.1996', '26.08.1996', '06.08.1996', '1', '208.58', 'Frankenversand', 'Berliner Platz 43', 'München', NULL, '80805', 'Deutschland'),
	('10268', 'GROSR', '8', '30.07.1996', '27.08.1996', '02.08.1996', '3', '66.29', 'GROSELLA-Restaurante', '5ª Ave. Los Palos Grandes', 'Caracas', 'DF', '1081', 'Venezuela'),
	('10269', 'WHITC', '5', '31.07.1996', '14.08.1996', '09.08.1996', '1', '4.56', 'White Clover Markets', '1029 - 12th Ave. S.', 'Seattle', 'WA', '98124', 'USA'),
	('10270', 'WARTH', '1', '01.08.1996', '29.08.1996', '02.08.1996', '1', '136.54', 'Wartian Herkku', 'Torikatu 38', 'Oulu', NULL, '9011', 'Finnland'),
	('10271', 'SPLIR', '6', '01.08.1996', '29.08.1996', '30.08.1996', '2', '4.54', 'Split Rail Beer & Ale', 'P.O. Box 555', 'Lander', 'WY', '8252', 'USA'),
	('10272', 'RATTC', '6', '02.08.1996', '30.08.1996', '06.08.1996', '2', '98.03', 'Rattlesnake Canyon Grocery', '2817 Milton Dr.', 'Albuquerque', 'NM', '8711', 'USA'),
	('10273', 'QUICK', '3', '05.08.1996', '02.09.1996', '12.08.1996', '3', '76.07', 'QUICK-Stop', 'Taucherstraße 10', 'Cunewalde', NULL, '1307', 'Deutschland'),
	('10274', 'VINET', '6', '06.08.1996', '03.09.1996', '16.08.1996', '1', '6.01', 'Vins et alcools Chevalier', '59 rue de l\'Abbaye', 'Reims', NULL, '511', 'Frankreich'),
	('10275', 'MAGAA', '1', '07.08.1996', '04.09.1996', '09.08.1996', '1', '26.93', 'Magazzini Alimentari Riuniti', 'Via Ludovico il Moro 22', 'Bergamo', NULL, '241', 'Italien'),
	('10276', 'TORTU', '8', '08.08.1996', '22.08.1996', '14.08.1996', '3', '13.84', 'Tortuga Restaurante', 'Avda. Azteca 123', 'México D.F.', NULL, '5033', 'Mexiko'),
	('10277', 'MORGK', '2', '09.08.1996', '06.09.1996', '13.08.1996', '3', '125.77', 'Morgenstern Gesundkost', 'Heerstr. 22', 'Leipzig', NULL, '4179', 'Deutschland'),
	('10278', 'BERGS', '8', '12.08.1996', '09.09.1996', '16.08.1996', '2', '92.69', 'Berglunds snabbköp', 'Berguvsvägen 8', 'Luleå', NULL, '0', 'Schweden'),
	('10279', 'LEHMS', '8', '13.08.1996', '10.09.1996', '16.08.1996', '2', '25.83', 'Lehmanns Marktstand', 'Magazinweg 7', 'Frankfurt a.M.', NULL, '60528', 'Deutschland'),
	('10280', 'BERGS', '2', '14.08.1996', '11.09.1996', '12.09.1996', '1', '8.98', 'Berglunds snabbköp', 'Berguvsvägen 8', 'Luleå', NULL, '0', 'Schweden'),
	('10281', 'ROMEY', '4', '14.08.1996', '28.08.1996', '21.08.1996', '1', '2.94', 'Romero y tomillo', 'Gran Vía, 1', 'Madrid', NULL, '28001', 'Spanien'),
	('10282', 'ROMEY', '4', '15.08.1996', '12.09.1996', '21.08.1996', '1', '12.69', 'Romero y tomillo', 'Gran Vía, 1', 'Madrid', NULL, '28001', 'Spanien'),
	('10283', 'LILAS', '3', '16.08.1996', '13.09.1996', '23.08.1996', '3', '84.81', 'LILA-Supermercado', 'Carrera 52 con Ave. Bolívar #65-98 Llano Largo', 'Barquisimeto', 'Lara', '3508', 'Venezuela'),
	('10284', 'LEHMS', '4', '19.08.1996', '16.09.1996', '27.08.1996', '1', '76.56', 'Lehmanns Marktstand', 'Magazinweg 7', 'Frankfurt a.M.', NULL, '60528', 'Deutschland'),
	('10285', 'QUICK', '1', '20.08.1996', '17.09.1996', '26.08.1996', '2', '76.83', 'QUICK-Stop', 'Taucherstraße 10', 'Cunewalde', NULL, '1307', 'Deutschland'),
	('10286', 'QUICK', '8', '21.08.1996', '18.09.1996', '30.08.1996', '3', '229.24', 'QUICK-Stop', 'Taucherstraße 10', 'Cunewalde', NULL, '1307', 'Deutschland'),
	('10287', 'RICAR', '8', '22.08.1996', '19.09.1996', '28.08.1996', '3', '12.76', 'Ricardo Adocicados', 'Av. Copacabana, 267', 'Rio de Janeiro', 'RJ', '2389', 'Brasilien'),
	('10288', 'REGGC', '4', '23.08.1996', '20.09.1996', '03.09.1996', '1', '7.45', 'Reggiani Caseifici', 'Strada Provinciale 124', 'Reggio Emilia', NULL, '421', 'Italien'),
	('10289', 'BSBEV', '7', '26.08.1996', '23.09.1996', '28.08.1996', '3', '22.77', 'B\'s Beverages', 'Fauntleroy Circus', 'London', NULL, '0', 'Großbritannien'),
	('10290', 'COMMI', '8', '27.08.1996', '24.09.1996', '03.09.1996', '1', '79.7', 'Comércio Mineiro', 'Av. dos Lusíadas, 23', 'São Paulo', 'SP', '5432', 'Brasilien'),
	('10291', 'QUEDE', '6', '27.08.1996', '24.09.1996', '04.09.1996', '2', '6.4', 'Que Delícia', 'Rua da Panificadora, 12', 'Rio de Janeiro', 'RJ', '2389', 'Brasilien'),
	('10292', 'TRADH', '1', '28.08.1996', '25.09.1996', '02.09.1996', '2', '1.35', 'Tradição Hipermercados', 'Av. Inês de Castro, 414', 'São Paulo', 'SP', '5634', 'Brasilien'),
	('10293', 'TORTU', '1', '29.08.1996', '26.09.1996', '11.09.1996', '3', '21.18', 'Tortuga Restaurante', 'Avda. Azteca 123', 'México D.F.', NULL, '5033', 'Mexiko'),
	('10294', 'RATTC', '4', '30.08.1996', '27.09.1996', '05.09.1996', '2', '147.26', 'Rattlesnake Canyon Grocery', '2817 Milton Dr.', 'Albuquerque', 'NM', '8711', 'USA'),
	('10295', 'VINET', '2', '02.09.1996', '30.09.1996', '10.09.1996', '2', '1.15', 'Vins et alcools Chevalier', '59 rue de l\'Abbaye', 'Reims', NULL, '511', 'Frankreich'),
	('10296', 'LILAS', '6', '03.09.1996', '01.10.1996', '11.09.1996', '1', '0.12', 'LILA-Supermercado', 'Carrera 52 con Ave. Bolívar #65-98 Llano Largo', 'Barquisimeto', 'Lara', '3508', 'Venezuela'),
	('10297', 'BLONP', '5', '04.09.1996', '16.10.1996', '10.09.1996', '2', '5.74', 'Blondel père et fils', '24, place Kléber', 'Strasbourg', NULL, '67', 'Frankreich'),
	('10298', 'HUNGO', '6', '05.09.1996', '03.10.1996', '11.09.1996', '2', '168.22', 'Hungry Owl All-Night Grocers', '8 Johnstown Road', 'Cork', 'Co. Cork', NULL, 'Irland'),
	('10299', 'RICAR', '4', '06.09.1996', '04.10.1996', '13.09.1996', '2', '29.76', 'Ricardo Adocicados', 'Av. Copacabana, 267', 'Rio de Janeiro', 'RJ', '2389', 'Brasilien'),
	('10300', 'MAGAA', '2', '09.09.1996', '07.10.1996', '18.09.1996', '2', '17.68', 'Magazzini Alimentari Riuniti', 'Via Ludovico il Moro 22', 'Bergamo', NULL, '241', 'Italien'),
	('10301', 'WANDK', '8', '09.09.1996', '07.10.1996', '17.09.1996', '2', '45.08', 'Die Wandernde Kuh', 'Adenauerallee 900', 'Stuttgart', NULL, '70563', 'Deutschland'),
	('10302', 'SUPRD', '4', '10.09.1996', '08.10.1996', '09.10.1996', '2', '6.27', 'Suprêmes délices', 'Boulevard Tirou, 255', 'Charleroi', NULL, '0', 'Belgien'),
	('10303', 'GODOS', '7', '11.09.1996', '09.10.1996', '18.09.1996', '2', '107.83', 'Godos Cocina Típica', 'C/ Romero, 33', 'Sevilla', NULL, '41101', 'Spanien'),
	('10304', 'TORTU', '1', '12.09.1996', '10.10.1996', '17.09.1996', '2', '63.79', 'Tortuga Restaurante', 'Avda. Azteca 123', 'México D.F.', NULL, '5033', 'Mexiko'),
	('10305', 'OLDWO', '8', '13.09.1996', '11.10.1996', '09.10.1996', '3', '257.62', 'Old World Delicatessen', '2743 Bering St.', 'Anchorage', 'AK', '99508', 'USA'),
	('10306', 'ROMEY', '1', '16.09.1996', '14.10.1996', '23.09.1996', '3', '7.56', 'Romero y tomillo', 'Gran Vía, 1', 'Madrid', NULL, '28001', 'Spanien'),
	('10307', 'LONEP', '2', '17.09.1996', '15.10.1996', '25.09.1996', '2', '0.56', 'Lonesome Pine Restaurant', '89 Chiaroscuro Rd.', 'Portland', 'OR', '97219', 'USA'),
	('10308', 'ANATR', '7', '18.09.1996', '16.10.1996', '24.09.1996', '3', '1.61', 'Ana Trujillo Emparedados y helados', 'Avda. de la Constitución 2222', 'México D.F.', NULL, '5021', 'Mexiko'),
	('10309', 'HUNGO', '3', '19.09.1996', '17.10.1996', '23.10.1996', '1', '47.3', 'Hungry Owl All-Night Grocers', '8 Johnstown Road', 'Cork', 'Co. Cork', NULL, 'Irland'),
	('10310', 'THEBI', '8', '20.09.1996', '18.10.1996', '27.09.1996', '2', '17.52', 'The Big Cheese', '89 Jefferson Way Suite 2', 'Portland', 'OR', '97201', 'USA'),
	('10311', 'DUMON', '1', '20.09.1996', '04.10.1996', '26.09.1996', '3', '24.69', 'Du monde entier', '67, rue des Cinquante Otages', 'Nantes', NULL, '44', 'Frankreich'),
	('10312', 'WANDK', '2', '23.09.1996', '21.10.1996', '03.10.1996', '2', '40.26', 'Die Wandernde Kuh', 'Adenauerallee 900', 'Stuttgart', NULL, '70563', 'Deutschland'),
	('10313', 'QUICK', '2', '24.09.1996', '22.10.1996', '04.10.1996', '2', '1.96', 'QUICK-Stop', 'Taucherstraße 10', 'Cunewalde', NULL, '1307', 'Deutschland'),
	('10314', 'RATTC', '1', '25.09.1996', '23.10.1996', '04.10.1996', '2', '74.16', 'Rattlesnake Canyon Grocery', '2817 Milton Dr.', 'Albuquerque', 'NM', '8711', 'USA'),
	('10315', 'ISLAT', '4', '26.09.1996', '24.10.1996', '03.10.1996', '2', '41.76', 'Island Trading', 'Garden House Crowther Way', 'Cowes', 'Isle of Wight', '0', 'Großbritannien'),
	('10316', 'RATTC', '1', '27.09.1996', '25.10.1996', '08.10.1996', '3', '150.15', 'Rattlesnake Canyon Grocery', '2817 Milton Dr.', 'Albuquerque', 'NM', '8711', 'USA'),
	('10317', 'LONEP', '6', '30.09.1996', '28.10.1996', '10.10.1996', '1', '12.69', 'Lonesome Pine Restaurant', '89 Chiaroscuro Rd.', 'Portland', 'OR', '97219', 'USA'),
	('10318', 'ISLAT', '8', '01.10.1996', '29.10.1996', '04.10.1996', '2', '4.73', 'Island Trading', 'Garden House Crowther Way', 'Cowes', 'Isle of Wight', '0', 'Großbritannien'),
	('10319', 'TORTU', '7', '02.10.1996', '30.10.1996', '11.10.1996', '3', '64.5', 'Tortuga Restaurante', 'Avda. Azteca 123', 'México D.F.', NULL, '5033', 'Mexiko'),
	('10320', 'WARTH', '5', '03.10.1996', '17.10.1996', '18.10.1996', '3', '34.57', 'Wartian Herkku', 'Torikatu 38', 'Oulu', NULL, '9011', 'Finnland'),
	('10321', 'ISLAT', '3', '03.10.1996', '31.10.1996', '11.10.1996', '2', '3.43', 'Island Trading', 'Garden House Crowther Way', 'Cowes', 'Isle of Wight', '0', 'Großbritannien'),
	('10322', 'PERIC', '7', '04.10.1996', '01.11.1996', '23.10.1996', '3', '0.4', 'Pericles Comidas clásicas', 'Calle Dr. Jorge Cash 321', 'México D.F.', NULL, '5033', 'Mexiko'),
	('10323', 'KOENE', '4', '07.10.1996', '04.11.1996', '14.10.1996', '1', '4.88', 'Königlich Essen', 'Maubelstr. 90', 'Brandenburg', NULL, '14776', 'Deutschland'),
	('10324', 'SAVEA', '9', '08.10.1996', '05.11.1996', '10.10.1996', '1', '214.27', 'Save-a-lot Markets', '187 Suffolk Ln.', 'Boise', 'ID', '8372', 'USA'),
	('10325', 'KOENE', '1', '09.10.1996', '23.10.1996', '14.10.1996', '3', '64.86', 'Königlich Essen', 'Maubelstr. 90', 'Brandenburg', NULL, '14776', 'Deutschland'),
	('10326', 'BOLID', '4', '10.10.1996', '07.11.1996', '14.10.1996', '2', '77.92', 'Bólido Comidas preparadas', 'C/ Araquil, 67', 'Madrid', NULL, '28023', 'Spanien'),
	('10327', 'FOLKO', '2', '11.10.1996', '08.11.1996', '14.10.1996', '1', '63.36', 'Folk och fä HB', 'Åkergatan 24', 'Bräcke', NULL, '0', 'Schweden'),
	('10328', 'FURIB', '4', '14.10.1996', '11.11.1996', '17.10.1996', '3', '87.03', 'Furia Bacalhau e Frutos do Mar', 'Jardim das rosas n. 32', 'Lisboa', NULL, '1675', 'Portugal'),
	('10329', 'SPLIR', '4', '15.10.1996', '26.11.1996', '23.10.1996', '2', '191.67', 'Split Rail Beer & Ale', 'P.O. Box 555', 'Lander', 'WY', '8252', 'USA'),
	('10330', 'LILAS', '3', '16.10.1996', '13.11.1996', '28.10.1996', '1', '12.75', 'LILA-Supermercado', 'Carrera 52 con Ave. Bolívar #65-98 Llano Largo', 'Barquisimeto', 'Lara', '3508', 'Venezuela'),
	('10331', 'BONAP', '9', '16.10.1996', '27.11.1996', '21.10.1996', '1', '10.19', 'Bon app\'', '12, rue des Bouchers', 'Marseille', NULL, '13008', 'Frankreich'),
	('10332', 'MEREP', '3', '17.10.1996', '28.11.1996', '21.10.1996', '2', '52.84', 'Mère Paillarde', '43 rue St. Laurent', 'Montréal', 'Québec', '0', 'Kanada'),
	('10333', 'WARTH', '5', '18.10.1996', '15.11.1996', '25.10.1996', '3', '0.59', 'Wartian Herkku', 'Torikatu 38', 'Oulu', NULL, '9011', 'Finnland'),
	('10334', 'VICTE', '8', '21.10.1996', '18.11.1996', '28.10.1996', '2', '8.56', 'Victuailles en stock', '2, rue du Commerce', 'Lyon', NULL, '69004', 'Frankreich'),
	('10335', 'HUNGO', '7', '22.10.1996', '19.11.1996', '24.10.1996', '2', '42.11', 'Hungry Owl All-Night Grocers', '8 Johnstown Road', 'Cork', 'Co. Cork', NULL, 'Irland'),
	('10336', 'PRINI', '7', '23.10.1996', '20.11.1996', '25.10.1996', '2', '15.51', 'Princesa Isabel Vinhos', 'Estrada da saúde n. 58', 'Lisboa', NULL, '1756', 'Portugal'),
	('10337', 'FRANK', '4', '24.10.1996', '21.11.1996', '29.10.1996', '3', '108.26', 'Frankenversand', 'Berliner Platz 43', 'München', NULL, '80805', 'Deutschland'),
	('10338', 'OLDWO', '4', '25.10.1996', '22.11.1996', '29.10.1996', '3', '84.21', 'Old World Delicatessen', '2743 Bering St.', 'Anchorage', 'AK', '99508', 'USA'),
	('10339', 'MEREP', '2', '28.10.1996', '25.11.1996', '04.11.1996', '2', '15.66', 'Mère Paillarde', '43 rue St. Laurent', 'Montréal', 'Québec', '0', 'Kanada'),
	('10340', 'BONAP', '1', '29.10.1996', '26.11.1996', '08.11.1996', '3', '166.31', 'Bon app\'', '12, rue des Bouchers', 'Marseille', NULL, '13008', 'Frankreich'),
	('10341', 'SIMOB', '7', '29.10.1996', '26.11.1996', '05.11.1996', '3', '26.78', 'Simons bistro', 'Vinbæltet 34', 'København', NULL, '1734', 'Dänemark'),
	('10342', 'FRANK', '4', '30.10.1996', '13.11.1996', '04.11.1996', '2', '54.83', 'Frankenversand', 'Berliner Platz 43', 'München', NULL, '80805', 'Deutschland'),
	('10343', 'LEHMS', '4', '31.10.1996', '28.11.1996', '06.11.1996', '1', '110.37', 'Lehmanns Marktstand', 'Magazinweg 7', 'Frankfurt a.M.', NULL, '60528', 'Deutschland'),
	('10344', 'WHITC', '4', '01.11.1996', '29.11.1996', '05.11.1996', '2', '23.29', 'White Clover Markets', '1029 - 12th Ave. S.', 'Seattle', 'WA', '98124', 'USA'),
	('10345', 'QUICK', '2', '04.11.1996', '02.12.1996', '11.11.1996', '2', '249.06', 'QUICK-Stop', 'Taucherstraße 10', 'Cunewalde', NULL, '1307', 'Deutschland'),
	('10346', 'RATTC', '3', '05.11.1996', '17.12.1996', '08.11.1996', '3', '142.08', 'Rattlesnake Canyon Grocery', '2817 Milton Dr.', 'Albuquerque', 'NM', '8711', 'USA'),
	('10347', 'FAMIA', '4', '06.11.1996', '04.12.1996', '08.11.1996', '3', '3.1', 'Familia Arquibaldo', 'Rua Orós, 92', 'São Paulo', 'SP', '5442', 'Brasilien'),
	('10348', 'WANDK', '4', '07.11.1996', '05.12.1996', '15.11.1996', '2', '0.78', 'Die Wandernde Kuh', 'Adenauerallee 900', 'Stuttgart', NULL, '70563', 'Deutschland'),
	('10349', 'SPLIR', '7', '08.11.1996', '06.12.1996', '15.11.1996', '1', '8.63', 'Split Rail Beer & Ale', 'P.O. Box 555', 'Lander', 'WY', '8252', 'USA'),
	('10350', 'LAMAI', '6', '11.11.1996', '09.12.1996', '03.12.1996', '2', '64.19', 'La maison d\'Asie', '1 rue Alsace-Lorraine', 'Toulouse', NULL, '31', 'Frankreich'),
	('10351', 'ERNSH', '1', '11.11.1996', '09.12.1996', '20.11.1996', '1', '162.33', 'Ernst Handel', 'Kirchgasse 6', 'Graz', NULL, '801', 'Österreich'),
	('10352', 'FURIB', '3', '12.11.1996', '26.11.1996', '18.11.1996', '3', '1.3', 'Furia Bacalhau e Frutos do Mar', 'Jardim das rosas n. 32', 'Lisboa', NULL, '1675', 'Portugal'),
	('10353', 'PICCO', '7', '13.11.1996', '11.12.1996', '25.11.1996', '3', '360.63', 'Piccolo und mehr', 'Geislweg 14', 'Salzburg', NULL, '502', 'Österreich'),
	('10354', 'PERIC', '8', '14.11.1996', '12.12.1996', '20.11.1996', '3', '53.8', 'Pericles Comidas clásicas', 'Calle Dr. Jorge Cash 321', 'México D.F.', NULL, '5033', 'Mexiko'),
	('10355', 'AROUT', '6', '15.11.1996', '13.12.1996', '20.11.1996', '1', '41.95', 'Around the Horn', 'Brook Farm Stratford St. Mary', 'Colchester', 'Essex', '0', 'Großbritannien'),
	('10356', 'WANDK', '6', '18.11.1996', '16.12.1996', '27.11.1996', '2', '36.71', 'Die Wandernde Kuh', 'Adenauerallee 900', 'Stuttgart', NULL, '70563', 'Deutschland'),
	('10357', 'LILAS', '1', '19.11.1996', '17.12.1996', '02.12.1996', '3', '34.88', 'LILA-Supermercado', 'Carrera 52 con Ave. Bolívar #65-98 Llano Largo', 'Barquisimeto', 'Lara', '3508', 'Venezuela'),
	('10358', 'LAMAI', '5', '20.11.1996', '18.12.1996', '27.11.1996', '1', '19.64', 'La maison d\'Asie', '1 rue Alsace-Lorraine', 'Toulouse', NULL, '31', 'Frankreich'),
	('10359', 'SEVES', '5', '21.11.1996', '19.12.1996', '26.11.1996', '3', '288.43', 'Seven Seas Imports', '90 Wadhurst Rd.', 'London', NULL, '0', 'Großbritannien'),
	('10360', 'BLONP', '4', '22.11.1996', '20.12.1996', '02.12.1996', '3', '131.7', 'Blondel père et fils', '24, place Kléber', 'Strasbourg', NULL, '67', 'Frankreich'),
	('10361', 'QUICK', '1', '22.11.1996', '20.12.1996', '03.12.1996', '2', '183.17', 'QUICK-Stop', 'Taucherstraße 10', 'Cunewalde', NULL, '1307', 'Deutschland'),
	('10362', 'BONAP', '3', '25.11.1996', '23.12.1996', '28.11.1996', '1', '96.04', 'Bon app\'', '12, rue des Bouchers', 'Marseille', NULL, '13008', 'Frankreich'),
	('10363', 'DRACD', '4', '26.11.1996', '24.12.1996', '04.12.1996', '3', '30.54', 'Drachenblut Delikatessen', 'Walserweg 21', 'Aachen', NULL, '52066', 'Deutschland'),
	('10364', 'EASTC', '1', '26.11.1996', '07.01.1997', '04.12.1996', '1', '71.97', 'Eastern Connection', '35 King George', 'London', NULL, '0', 'Großbritannien'),
	('10365', 'ANTON', '3', '27.11.1996', '25.12.1996', '02.12.1996', '2', '22', 'Antonio Moreno Taquería', 'Mataderos 2312', 'México D.F.', NULL, '5023', 'Mexiko'),
	('10366', 'GALED', '8', '28.11.1996', '09.01.1997', '30.12.1996', '2', '10.14', 'Galería del gastronómo', 'Rambla de Cataluña, 23', 'Barcelona', NULL, '8022', 'Spanien'),
	('10367', 'VAFFE', '7', '28.11.1996', '26.12.1996', '02.12.1996', '3', '13.55', 'Vaffeljernet', 'Smagsløget 45', 'Århus', NULL, '82', 'Dänemark'),
	('10368', 'ERNSH', '2', '29.11.1996', '27.12.1996', '02.12.1996', '2', '101.95', 'Ernst Handel', 'Kirchgasse 6', 'Graz', NULL, '801', 'Österreich'),
	('10369', 'SPLIR', '8', '02.12.1996', '30.12.1996', '09.12.1996', '2', '195.68', 'Split Rail Beer & Ale', 'P.O. Box 555', 'Lander', 'WY', '8252', 'USA'),
	('10370', 'CHOPS', '6', '03.12.1996', '31.12.1996', '27.12.1996', '2', '1.17', 'Chop-suey Chinese', 'Hauptstr. 31', 'Bern', NULL, '3012', 'Schweiz'),
	('10371', 'LAMAI', '1', '03.12.1996', '31.12.1996', '24.12.1996', '1', '0.45', 'La maison d\'Asie', '1 rue Alsace-Lorraine', 'Toulouse', NULL, '31', 'Frankreich'),
	('10372', 'QUEEN', '5', '04.12.1996', '01.01.1997', '09.12.1996', '2', '890.78', 'Queen Cozinha', 'Alameda dos Canàrios, 891', 'São Paulo', 'SP', '5487', 'Brasilien'),
	('10373', 'HUNGO', '4', '05.12.1996', '02.01.1997', '11.12.1996', '3', '124.12', 'Hungry Owl All-Night Grocers', '8 Johnstown Road', 'Cork', 'Co. Cork', NULL, 'Irland'),
	('10374', 'WOLZA', '1', '05.12.1996', '02.01.1997', '09.12.1996', '3', '3.94', 'Wolski Zajazd', 'ul. Filtrowa 68', 'Warszawa', NULL, '1', 'Polen'),
	('10375', 'HUNGC', '3', '06.12.1996', '03.01.1997', '09.12.1996', '2', '20.12', 'Hungry Coyote Import Store', 'City Center Plaza 516 Main St.', 'Elgin', 'OR', '97827', 'USA'),
	('10376', 'MEREP', '1', '09.12.1996', '06.01.1997', '13.12.1996', '2', '20.39', 'Mère Paillarde', '43 rue St. Laurent', 'Montréal', 'Québec', '0', 'Kanada'),
	('10377', 'SEVES', '1', '09.12.1996', '06.01.1997', '13.12.1996', '3', '22.21', 'Seven Seas Imports', '90 Wadhurst Rd.', 'London', NULL, '0', 'Großbritannien'),
	('10378', 'FOLKO', '5', '10.12.1996', '07.01.1997', '19.12.1996', '3', '5.44', 'Folk och fä HB', 'Åkergatan 24', 'Bräcke', NULL, '0', 'Schweden'),
	('10379', 'QUEDE', '2', '11.12.1996', '08.01.1997', '13.12.1996', '1', '45.03', 'Que Delícia', 'Rua da Panificadora, 12', 'Rio de Janeiro', 'RJ', '2389', 'Brasilien'),
	('10380', 'HUNGO', '8', '12.12.1996', '09.01.1997', '16.01.1997', '3', '35.03', 'Hungry Owl All-Night Grocers', '8 Johnstown Road', 'Cork', 'Co. Cork', NULL, 'Irland'),
	('10381', 'LILAS', '3', '12.12.1996', '09.01.1997', '13.12.1996', '3', '7.99', 'LILA-Supermercado', 'Carrera 52 con Ave. Bolívar #65-98 Llano Largo', 'Barquisimeto', 'Lara', '3508', 'Venezuela'),
	('10382', 'ERNSH', '4', '13.12.1996', '10.01.1997', '16.12.1996', '1', '94.77', 'Ernst Handel', 'Kirchgasse 6', 'Graz', NULL, '801', 'Österreich'),
	('10383', 'AROUT', '8', '16.12.1996', '13.01.1997', '18.12.1996', '3', '34.24', 'Around the Horn', 'Brook Farm Stratford St. Mary', 'Colchester', 'Essex', '0', 'Großbritannien'),
	('10384', 'BERGS', '3', '16.12.1996', '13.01.1997', '20.12.1996', '3', '168.64', 'Berglunds snabbköp', 'Berguvsvägen 8', 'Luleå', NULL, '0', 'Schweden'),
	('10385', 'SPLIR', '1', '17.12.1996', '14.01.1997', '23.12.1996', '2', '30.96', 'Split Rail Beer & Ale', 'P.O. Box 555', 'Lander', 'WY', '8252', 'USA'),
	('10386', 'FAMIA', '9', '18.12.1996', '01.01.1997', '25.12.1996', '3', '13.99', 'Familia Arquibaldo', 'Rua Orós, 92', 'São Paulo', 'SP', '5442', 'Brasilien'),
	('10387', 'SANTG', '1', '18.12.1996', '15.01.1997', '20.12.1996', '2', '93.63', 'Santé Gourmet', 'Erling Skakkes gate 78', 'Stavern', NULL, '411', 'Norwegen'),
	('10388', 'SEVES', '2', '19.12.1996', '16.01.1997', '20.12.1996', '1', '34.86', 'Seven Seas Imports', '90 Wadhurst Rd.', 'London', NULL, '0', 'Großbritannien'),
	('10389', 'BOTTM', '4', '20.12.1996', '17.01.1997', '24.12.1996', '2', '47.42', 'Bottom-Dollar Markets', '23 Tsawassen Blvd.', 'Tsawassen', 'BC', '0', 'Kanada'),
	('10390', 'ERNSH', '6', '23.12.1996', '20.01.1997', '26.12.1996', '1', '126.38', 'Ernst Handel', 'Kirchgasse 6', 'Graz', NULL, '801', 'Österreich'),
	('10391', 'DRACD', '3', '23.12.1996', '20.01.1997', '31.12.1996', '3', '5.45', 'Drachenblut Delikatessen', 'Walserweg 21', 'Aachen', NULL, '52066', 'Deutschland'),
	('10392', 'PICCO', '2', '24.12.1996', '21.01.1997', '01.01.1997', '3', '122.46', 'Piccolo und mehr', 'Geislweg 14', 'Salzburg', NULL, '502', 'Österreich'),
	('10393', 'SAVEA', '1', '25.12.1996', '22.01.1997', '03.01.1997', '3', '126.56', 'Save-a-lot Markets', '187 Suffolk Ln.', 'Boise', 'ID', '8372', 'USA'),
	('10394', 'HUNGC', '1', '25.12.1996', '22.01.1997', '03.01.1997', '3', '30.34', 'Hungry Coyote Import Store', 'City Center Plaza 516 Main St.', 'Elgin', 'OR', '97827', 'USA'),
	('10395', 'HILAA', '6', '26.12.1996', '23.01.1997', '03.01.1997', '1', '184.41', 'HILARIÓN-Abastos', 'Carrera 22 con Ave. Carlos Soublette #8-35', 'San Cristóbal', 'Táchira', '5022', 'Venezuela'),
	('10396', 'FRANK', '1', '27.12.1996', '10.01.1997', '06.01.1997', '3', '135.35', 'Frankenversand', 'Berliner Platz 43', 'München', NULL, '80805', 'Deutschland'),
	('10397', 'PRINI', '5', '27.12.1996', '24.01.1997', '02.01.1997', '1', '60.26', 'Princesa Isabel Vinhos', 'Estrada da saúde n. 58', 'Lisboa', NULL, '1756', 'Portugal'),
	('10398', 'SAVEA', '2', '30.12.1996', '27.01.1997', '09.01.1997', '3', '89.16', 'Save-a-lot Markets', '187 Suffolk Ln.', 'Boise', 'ID', '8372', 'USA'),
	('10399', 'VAFFE', '8', '31.12.1996', '14.01.1997', '08.01.1997', '3', '27.36', 'Vaffeljernet', 'Smagsløget 45', 'Århus', NULL, '82', 'Dänemark'),
	('10400', 'EASTC', '1', '01.01.1997', '29.01.1997', '16.01.1997', '3', '83.93', 'Eastern Connection', '35 King George', 'London', NULL, '0', 'Großbritannien'),
	('10401', 'RATTC', '1', '01.01.1997', '29.01.1997', '10.01.1997', '1', '12.51', 'Rattlesnake Canyon Grocery', '2817 Milton Dr.', 'Albuquerque', 'NM', '8711', 'USA'),
	('10402', 'ERNSH', '8', '02.01.1997', '13.02.1997', '10.01.1997', '2', '67.88', 'Ernst Handel', 'Kirchgasse 6', 'Graz', NULL, '801', 'Österreich'),
	('10403', 'ERNSH', '4', '03.01.1997', '31.01.1997', '09.01.1997', '3', '73.79', 'Ernst Handel', 'Kirchgasse 6', 'Graz', NULL, '801', 'Österreich'),
	('10404', 'MAGAA', '2', '03.01.1997', '31.01.1997', '08.01.1997', '1', '155.97', 'Magazzini Alimentari Riuniti', 'Via Ludovico il Moro 22', 'Bergamo', NULL, '241', 'Italien'),
	('10405', 'LINOD', '1', '06.01.1997', '03.02.1997', '22.01.1997', '1', '34.82', 'LINO-Delicateses', 'Ave. 5 de Mayo Porlamar', 'I. de Margarita', 'Nueva Esparta', '498', 'Venezuela'),
	('10406', 'QUEEN', '7', '07.01.1997', '18.02.1997', '13.01.1997', '1', '108.04', 'Queen Cozinha', 'Alameda dos Canàrios, 891', 'São Paulo', 'SP', '5487', 'Brasilien'),
	('10407', 'OTTIK', '2', '07.01.1997', '04.02.1997', '30.01.1997', '2', '91.48', 'Ottilies Käseladen', 'Mehrheimerstr. 369', 'Köln', NULL, '50739', 'Deutschland'),
	('10408', 'FOLIG', '8', '08.01.1997', '05.02.1997', '14.01.1997', '1', '11.26', 'Folies gourmandes', '184, chaussée de Tournai', 'Lille', NULL, '59', 'Frankreich'),
	('10409', 'OCEAN', '3', '09.01.1997', '06.02.1997', '14.01.1997', '1', '29.83', 'Océano Atlántico Ltda.', 'Ing. Gustavo Moncada 8585 Piso 20-A', 'Buenos Aires', NULL, '101', 'Argentinien'),
	('10410', 'BOTTM', '3', '10.01.1997', '07.02.1997', '15.01.1997', '3', '2.4', 'Bottom-Dollar Markets', '23 Tsawassen Blvd.', 'Tsawassen', 'BC', '0', 'Kanada'),
	('10411', 'BOTTM', '9', '10.01.1997', '07.02.1997', '21.01.1997', '3', '23.65', 'Bottom-Dollar Markets', '23 Tsawassen Blvd.', 'Tsawassen', 'BC', '0', 'Kanada'),
	('10412', 'WARTH', '8', '13.01.1997', '10.02.1997', '15.01.1997', '2', '3.77', 'Wartian Herkku', 'Torikatu 38', 'Oulu', NULL, '9011', 'Finnland'),
	('10413', 'LAMAI', '3', '14.01.1997', '11.02.1997', '16.01.1997', '2', '95.66', 'La maison d\'Asie', '1 rue Alsace-Lorraine', 'Toulouse', NULL, '31', 'Frankreich'),
	('10414', 'FAMIA', '2', '14.01.1997', '11.02.1997', '17.01.1997', '3', '21.48', 'Familia Arquibaldo', 'Rua Orós, 92', 'São Paulo', 'SP', '5442', 'Brasilien'),
	('10415', 'HUNGC', '3', '15.01.1997', '12.02.1997', '24.01.1997', '1', '0.2', 'Hungry Coyote Import Store', 'City Center Plaza 516 Main St.', 'Elgin', 'OR', '97827', 'USA'),
	('10416', 'WARTH', '8', '16.01.1997', '13.02.1997', '27.01.1997', '3', '22.72', 'Wartian Herkku', 'Torikatu 38', 'Oulu', NULL, '9011', 'Finnland'),
	('10417', 'SIMOB', '4', '16.01.1997', '13.02.1997', '28.01.1997', '3', '70.29', 'Simons bistro', 'Vinbæltet 34', 'København', NULL, '1734', 'Dänemark'),
	('10418', 'QUICK', '4', '17.01.1997', '14.02.1997', '24.01.1997', '1', '17.55', 'QUICK-Stop', 'Taucherstraße 10', 'Cunewalde', NULL, '1307', 'Deutschland'),
	('10419', 'RICSU', '4', '20.01.1997', '17.02.1997', '30.01.1997', '2', '137.35', 'Richter Supermarkt', 'Starenweg 5', 'Genève', NULL, '1204', 'Schweiz'),
	('10420', 'WELLI', '3', '21.01.1997', '18.02.1997', '27.01.1997', '1', '44.12', 'Wellington Importadora', 'Rua do Mercado, 12', 'Resende', 'SP', '8737', 'Brasilien'),
	('10421', 'QUEDE', '8', '21.01.1997', '04.03.1997', '27.01.1997', '1', '99.23', 'Que Delícia', 'Rua da Panificadora, 12', 'Rio de Janeiro', 'RJ', '2389', 'Brasilien'),
	('10422', 'FRANS', '2', '22.01.1997', '19.02.1997', '31.01.1997', '1', '3.02', 'Franchi S.p.A.', 'Via Monte Bianco 34', 'Torino', NULL, '101', 'Italien'),
	('10423', 'GOURL', '6', '23.01.1997', '06.02.1997', '24.02.1997', '3', '24.5', 'Gourmet Lanchonetes', 'Av. Brasil, 442', 'Campinas', 'SP', '4876', 'Brasilien'),
	('10424', 'MEREP', '7', '23.01.1997', '20.02.1997', '27.01.1997', '2', '370.61', 'Mère Paillarde', '43 rue St. Laurent', 'Montréal', 'Québec', '0', 'Kanada'),
	('10425', 'LAMAI', '6', '24.01.1997', '21.02.1997', '14.02.1997', '2', '7.93', 'La maison d\'Asie', '1 rue Alsace-Lorraine', 'Toulouse', NULL, '31', 'Frankreich'),
	('10426', 'GALED', '4', '27.01.1997', '24.02.1997', '06.02.1997', '1', '18.69', 'Galería del gastronómo', 'Rambla de Cataluña, 23', 'Barcelona', NULL, '8022', 'Spanien'),
	('10427', 'PICCO', '4', '27.01.1997', '24.02.1997', '03.03.1997', '2', '31.29', 'Piccolo und mehr', 'Geislweg 14', 'Salzburg', NULL, '502', 'Österreich'),
	('10428', 'REGGC', '7', '28.01.1997', '25.02.1997', '04.02.1997', '1', '11.09', 'Reggiani Caseifici', 'Strada Provinciale 124', 'Reggio Emilia', NULL, '421', 'Italien'),
	('10429', 'HUNGO', '3', '29.01.1997', '12.03.1997', '07.02.1997', '2', '56.63', 'Hungry Owl All-Night Grocers', '8 Johnstown Road', 'Cork', 'Co. Cork', NULL, 'Irland'),
	('10430', 'ERNSH', '4', '30.01.1997', '13.02.1997', '03.02.1997', '1', '458.78', 'Ernst Handel', 'Kirchgasse 6', 'Graz', NULL, '801', 'Österreich'),
	('10431', 'BOTTM', '4', '30.01.1997', '13.02.1997', '07.02.1997', '2', '44.17', 'Bottom-Dollar Markets', '23 Tsawassen Blvd.', 'Tsawassen', 'BC', '0', 'Kanada'),
	('10432', 'SPLIR', '3', '31.01.1997', '14.02.1997', '07.02.1997', '2', '4.34', 'Split Rail Beer & Ale', 'P.O. Box 555', 'Lander', 'WY', '8252', 'USA'),
	('10433', 'PRINI', '3', '03.02.1997', '03.03.1997', '04.03.1997', '3', '73.83', 'Princesa Isabel Vinhos', 'Estrada da saúde n. 58', 'Lisboa', NULL, '1756', 'Portugal'),
	('10434', 'FOLKO', '3', '03.02.1997', '03.03.1997', '13.02.1997', '2', '17.92', 'Folk och fä HB', 'Åkergatan 24', 'Bräcke', NULL, '0', 'Schweden'),
	('10435', 'CONSH', '8', '04.02.1997', '18.03.1997', '07.02.1997', '2', '9.21', 'Consolidated Holdings', 'Berkeley Gardens 12 Brewery', 'London', NULL, '0', 'Großbritannien'),
	('10436', 'BLONP', '3', '05.02.1997', '05.03.1997', '11.02.1997', '2', '156.66', 'Blondel père et fils', '24, place Kléber', 'Strasbourg', NULL, '67', 'Frankreich'),
	('10437', 'WARTH', '8', '05.02.1997', '05.03.1997', '12.02.1997', '1', '19.97', 'Wartian Herkku', 'Torikatu 38', 'Oulu', NULL, '9011', 'Finnland'),
	('10438', 'TOMSP', '3', '06.02.1997', '06.03.1997', '14.02.1997', '2', '8.24', 'Toms Spezialitäten', 'Luisenstr. 48', 'Münster', NULL, '44087', 'Deutschland'),
	('10439', 'MEREP', '6', '07.02.1997', '07.03.1997', '10.02.1997', '3', '4.07', 'Mère Paillarde', '43 rue St. Laurent', 'Montréal', 'Québec', '0', 'Kanada'),
	('10440', 'SAVEA', '4', '10.02.1997', '10.03.1997', '28.02.1997', '2', '86.53', 'Save-a-lot Markets', '187 Suffolk Ln.', 'Boise', 'ID', '8372', 'USA'),
	('10441', 'OLDWO', '3', '10.02.1997', '24.03.1997', '14.03.1997', '2', '73.02', 'Old World Delicatessen', '2743 Bering St.', 'Anchorage', 'AK', '99508', 'USA'),
	('10442', 'ERNSH', '3', '11.02.1997', '11.03.1997', '18.02.1997', '2', '47.94', 'Ernst Handel', 'Kirchgasse 6', 'Graz', NULL, '801', 'Österreich'),
	('10443', 'REGGC', '8', '12.02.1997', '12.03.1997', '14.02.1997', '1', '13.95', 'Reggiani Caseifici', 'Strada Provinciale 124', 'Reggio Emilia', NULL, '421', 'Italien'),
	('10444', 'BERGS', '3', '12.02.1997', '12.03.1997', '21.02.1997', '3', '3.5', 'Berglunds snabbköp', 'Berguvsvägen 8', 'Luleå', NULL, '0', 'Schweden'),
	('10445', 'BERGS', '3', '13.02.1997', '13.03.1997', '20.02.1997', '1', '9.3', 'Berglunds snabbköp', 'Berguvsvägen 8', 'Luleå', NULL, '0', 'Schweden'),
	('10446', 'TOMSP', '6', '14.02.1997', '14.03.1997', '19.02.1997', '1', '14.68', 'Toms Spezialitäten', 'Luisenstr. 48', 'Münster', NULL, '44087', 'Deutschland'),
	('10447', 'RICAR', '4', '14.02.1997', '14.03.1997', '07.03.1997', '2', '68.66', 'Ricardo Adocicados', 'Av. Copacabana, 267', 'Rio de Janeiro', 'RJ', '2389', 'Brasilien'),
	('10448', 'RANCH', '4', '17.02.1997', '17.03.1997', '24.02.1997', '2', '38.82', 'Rancho grande', 'Av. del Libertador 900', 'Buenos Aires', NULL, '101', 'Argentinien'),
	('10449', 'BLONP', '3', '18.02.1997', '18.03.1997', '27.02.1997', '2', '53.3', 'Blondel père et fils', '24, place Kléber', 'Strasbourg', NULL, '67', 'Frankreich'),
	('10450', 'VICTE', '8', '19.02.1997', '19.03.1997', '11.03.1997', '2', '7.23', 'Victuailles en stock', '2, rue du Commerce', 'Lyon', NULL, '69004', 'Frankreich'),
	('10451', 'QUICK', '4', '19.02.1997', '05.03.1997', '12.03.1997', '3', '189.09', 'QUICK-Stop', 'Taucherstraße 10', 'Cunewalde', NULL, '1307', 'Deutschland'),
	('10452', 'SAVEA', '8', '20.02.1997', '20.03.1997', '26.02.1997', '1', '140.26', 'Save-a-lot Markets', '187 Suffolk Ln.', 'Boise', 'ID', '8372', 'USA'),
	('10453', 'AROUT', '1', '21.02.1997', '21.03.1997', '26.02.1997', '2', '25.36', 'Around the Horn', 'Brook Farm Stratford St. Mary', 'Colchester', 'Essex', '0', 'Großbritannien'),
	('10454', 'LAMAI', '4', '21.02.1997', '21.03.1997', '25.02.1997', '3', '2.74', 'La maison d\'Asie', '1 rue Alsace-Lorraine', 'Toulouse', NULL, '31', 'Frankreich'),
	('10455', 'WARTH', '8', '24.02.1997', '07.04.1997', '03.03.1997', '2', '180.45', 'Wartian Herkku', 'Torikatu 38', 'Oulu', NULL, '9011', 'Finnland'),
	('10456', 'KOENE', '8', '25.02.1997', '08.04.1997', '28.02.1997', '2', '8.12', 'Königlich Essen', 'Maubelstr. 90', 'Brandenburg', NULL, '14776', 'Deutschland'),
	('10457', 'KOENE', '2', '25.02.1997', '25.03.1997', '03.03.1997', '1', '11.57', 'Königlich Essen', 'Maubelstr. 90', 'Brandenburg', NULL, '14776', 'Deutschland'),
	('10458', 'SUPRD', '7', '26.02.1997', '26.03.1997', '04.03.1997', '3', '147.06', 'Suprêmes délices', 'Boulevard Tirou, 255', 'Charleroi', NULL, '0', 'Belgien'),
	('10459', 'VICTE', '4', '27.02.1997', '27.03.1997', '28.02.1997', '2', '25.09', 'Victuailles en stock', '2, rue du Commerce', 'Lyon', NULL, '69004', 'Frankreich'),
	('10460', 'FOLKO', '8', '28.02.1997', '28.03.1997', '03.03.1997', '1', '16.27', 'Folk och fä HB', 'Åkergatan 24', 'Bräcke', NULL, '0', 'Schweden'),
	('10461', 'LILAS', '1', '28.02.1997', '28.03.1997', '05.03.1997', '3', '148.61', 'LILA-Supermercado', 'Carrera 52 con Ave. Bolívar #65-98 Llano Largo', 'Barquisimeto', 'Lara', '3508', 'Venezuela'),
	('10462', 'CONSH', '2', '03.03.1997', '31.03.1997', '18.03.1997', '1', '6.17', 'Consolidated Holdings', 'Berkeley Gardens 12 Brewery', 'London', NULL, '0', 'Großbritannien'),
	('10463', 'SUPRD', '5', '04.03.1997', '01.04.1997', '06.03.1997', '3', '14.78', 'Suprêmes délices', 'Boulevard Tirou, 255', 'Charleroi', NULL, '0', 'Belgien'),
	('10464', 'FURIB', '4', '04.03.1997', '01.04.1997', '14.03.1997', '2', '89', 'Furia Bacalhau e Frutos do Mar', 'Jardim das rosas n. 32', 'Lisboa', NULL, '1675', 'Portugal'),
	('10465', 'VAFFE', '1', '05.03.1997', '02.04.1997', '14.03.1997', '3', '145.04', 'Vaffeljernet', 'Smagsløget 45', 'Århus', NULL, '82', 'Dänemark'),
	('10466', 'COMMI', '4', '06.03.1997', '03.04.1997', '13.03.1997', '1', '11.93', 'Comércio Mineiro', 'Av. dos Lusíadas, 23', 'São Paulo', 'SP', '5432', 'Brasilien'),
	('10467', 'MAGAA', '8', '06.03.1997', '03.04.1997', '11.03.1997', '2', '4.93', 'Magazzini Alimentari Riuniti', 'Via Ludovico il Moro 22', 'Bergamo', NULL, '241', 'Italien'),
	('10468', 'KOENE', '3', '07.03.1997', '04.04.1997', '12.03.1997', '3', '44.12', 'Königlich Essen', 'Maubelstr. 90', 'Brandenburg', NULL, '14776', 'Deutschland'),
	('10469', 'WHITC', '1', '10.03.1997', '07.04.1997', '14.03.1997', '1', '60.18', 'White Clover Markets', '1029 - 12th Ave. S.', 'Seattle', 'WA', '98124', 'USA'),
	('10470', 'BONAP', '4', '11.03.1997', '08.04.1997', '14.03.1997', '2', '64.56', 'Bon app\'', '12, rue des Bouchers', 'Marseille', NULL, '13008', 'Frankreich'),
	('10471', 'BSBEV', '2', '11.03.1997', '08.04.1997', '18.03.1997', '3', '45.59', 'B\'s Beverages', 'Fauntleroy Circus', 'London', NULL, '0', 'Großbritannien'),
	('10472', 'SEVES', '8', '12.03.1997', '09.04.1997', '19.03.1997', '1', '4.2', 'Seven Seas Imports', '90 Wadhurst Rd.', 'London', NULL, '0', 'Großbritannien'),
	('10473', 'ISLAT', '1', '13.03.1997', '27.03.1997', '21.03.1997', '3', '16.37', 'Island Trading', 'Garden House Crowther Way', 'Cowes', 'Isle of Wight', '0', 'Großbritannien'),
	('10474', 'PERIC', '5', '13.03.1997', '10.04.1997', '21.03.1997', '2', '83.49', 'Pericles Comidas clásicas', 'Calle Dr. Jorge Cash 321', 'México D.F.', NULL, '5033', 'Mexiko'),
	('10475', 'SUPRD', '9', '14.03.1997', '11.04.1997', '04.04.1997', '1', '68.52', 'Suprêmes délices', 'Boulevard Tirou, 255', 'Charleroi', NULL, '0', 'Belgien'),
	('10476', 'HILAA', '8', '17.03.1997', '14.04.1997', '24.03.1997', '3', '4.41', 'HILARIÓN-Abastos', 'Carrera 22 con Ave. Carlos Soublette #8-35', 'San Cristóbal', 'Táchira', '5022', 'Venezuela'),
	('10477', 'PRINI', '5', '17.03.1997', '14.04.1997', '25.03.1997', '2', '13.02', 'Princesa Isabel Vinhos', 'Estrada da saúde n. 58', 'Lisboa', NULL, '1756', 'Portugal'),
	('10478', 'VICTE', '2', '18.03.1997', '01.04.1997', '26.03.1997', '3', '4.81', 'Victuailles en stock', '2, rue du Commerce', 'Lyon', NULL, '69004', 'Frankreich'),
	('10479', 'RATTC', '3', '19.03.1997', '16.04.1997', '21.03.1997', '3', '708.95', 'Rattlesnake Canyon Grocery', '2817 Milton Dr.', 'Albuquerque', 'NM', '8711', 'USA'),
	('10480', 'FOLIG', '6', '20.03.1997', '17.04.1997', '24.03.1997', '2', '1.35', 'Folies gourmandes', '184, chaussée de Tournai', 'Lille', NULL, '59', 'Frankreich'),
	('10481', 'RICAR', '8', '20.03.1997', '17.04.1997', '25.03.1997', '2', '64.33', 'Ricardo Adocicados', 'Av. Copacabana, 267', 'Rio de Janeiro', 'RJ', '2389', 'Brasilien'),
	('10482', 'LAZYK', '1', '21.03.1997', '18.04.1997', '10.04.1997', '3', '7.48', 'Lazy K Kountry Store', '12 Orchestra Terrace', 'Walla Walla', 'WA', '99362', 'USA'),
	('10483', 'WHITC', '7', '24.03.1997', '21.04.1997', '25.04.1997', '2', '15.28', 'White Clover Markets', '1029 - 12th Ave. S.', 'Seattle', 'WA', '98124', 'USA'),
	('10484', 'BSBEV', '3', '24.03.1997', '21.04.1997', '01.04.1997', '3', '6.88', 'B\'s Beverages', 'Fauntleroy Circus', 'London', NULL, '0', 'Großbritannien'),
	('10485', 'LINOD', '4', '25.03.1997', '08.04.1997', '31.03.1997', '2', '64.45', 'LINO-Delicateses', 'Ave. 5 de Mayo Porlamar', 'I. de Margarita', 'Nueva Esparta', '498', 'Venezuela'),
	('10486', 'HILAA', '1', '26.03.1997', '23.04.1997', '02.04.1997', '2', '30.53', 'HILARIÓN-Abastos', 'Carrera 22 con Ave. Carlos Soublette #8-35', 'San Cristóbal', 'Táchira', '5022', 'Venezuela'),
	('10487', 'QUEEN', '2', '26.03.1997', '23.04.1997', '28.03.1997', '2', '71.07', 'Queen Cozinha', 'Alameda dos Canàrios, 891', 'São Paulo', 'SP', '5487', 'Brasilien'),
	('10488', 'FRANK', '8', '27.03.1997', '24.04.1997', '02.04.1997', '2', '4.93', 'Frankenversand', 'Berliner Platz 43', 'München', NULL, '80805', 'Deutschland'),
	('10489', 'PICCO', '6', '28.03.1997', '25.04.1997', '09.04.1997', '2', '5.29', 'Piccolo und mehr', 'Geislweg 14', 'Salzburg', NULL, '502', 'Österreich'),
	('10490', 'HILAA', '7', '31.03.1997', '28.04.1997', '03.04.1997', '2', '210.19', 'HILARIÓN-Abastos', 'Carrera 22 con Ave. Carlos Soublette #8-35', 'San Cristóbal', 'Táchira', '5022', 'Venezuela'),
	('10491', 'FURIB', '8', '31.03.1997', '28.04.1997', '08.04.1997', '3', '16.96', 'Furia Bacalhau e Frutos do Mar', 'Jardim das rosas n. 32', 'Lisboa', NULL, '1675', 'Portugal'),
	('10492', 'BOTTM', '3', '01.04.1997', '29.04.1997', '11.04.1997', '1', '62.89', 'Bottom-Dollar Markets', '23 Tsawassen Blvd.', 'Tsawassen', 'BC', '0', 'Kanada'),
	('10493', 'LAMAI', '4', '02.04.1997', '30.04.1997', '10.04.1997', '3', '10.64', 'La maison d\'Asie', '1 rue Alsace-Lorraine', 'Toulouse', NULL, '31', 'Frankreich'),
	('10494', 'COMMI', '4', '02.04.1997', '30.04.1997', '09.04.1997', '2', '65.99', 'Comércio Mineiro', 'Av. dos Lusíadas, 23', 'São Paulo', 'SP', '5432', 'Brasilien'),
	('10495', 'LAUGB', '3', '03.04.1997', '01.05.1997', '11.04.1997', '3', '4.65', 'Laughing Bacchus Wine Cellars', '2319 Elm St.', 'Vancouver', 'BC', '0', 'Kanada'),
	('10496', 'TRADH', '7', '04.04.1997', '02.05.1997', '07.04.1997', '2', '46.77', 'Tradição Hipermercados', 'Av. Inês de Castro, 414', 'São Paulo', 'SP', '5634', 'Brasilien'),
	('10497', 'LEHMS', '7', '04.04.1997', '02.05.1997', '07.04.1997', '1', '36.21', 'Lehmanns Marktstand', 'Magazinweg 7', 'Frankfurt a.M.', NULL, '60528', 'Deutschland'),
	('10498', 'HILAA', '8', '07.04.1997', '05.05.1997', '11.04.1997', '2', '29.75', 'HILARIÓN-Abastos', 'Carrera 22 con Ave. Carlos Soublette #8-35', 'San Cristóbal', 'Táchira', '5022', 'Venezuela'),
	('10499', 'LILAS', '4', '08.04.1997', '06.05.1997', '16.04.1997', '2', '102.02', 'LILA-Supermercado', 'Carrera 52 con Ave. Bolívar #65-98 Llano Largo', 'Barquisimeto', 'Lara', '3508', 'Venezuela'),
	('10500', 'LAMAI', '6', '09.04.1997', '07.05.1997', '17.04.1997', '1', '42.68', 'La maison d\'Asie', '1 rue Alsace-Lorraine', 'Toulouse', NULL, '31', 'Frankreich'),
	('10501', 'BLAUS', '9', '09.04.1997', '07.05.1997', '16.04.1997', '3', '8.85', 'Blauer See Delikatessen', 'Forsterstr. 57', 'Mannheim', NULL, '68306', 'Deutschland'),
	('10502', 'PERIC', '2', '10.04.1997', '08.05.1997', '29.04.1997', '1', '69.32', 'Pericles Comidas clásicas', 'Calle Dr. Jorge Cash 321', 'México D.F.', NULL, '5033', 'Mexiko'),
	('10503', 'HUNGO', '6', '11.04.1997', '09.05.1997', '16.04.1997', '2', '16.74', 'Hungry Owl All-Night Grocers', '8 Johnstown Road', 'Cork', 'Co. Cork', NULL, 'Irland'),
	('10504', 'WHITC', '4', '11.04.1997', '09.05.1997', '18.04.1997', '3', '59.13', 'White Clover Markets', '1029 - 12th Ave. S.', 'Seattle', 'WA', '98124', 'USA'),
	('10505', 'MEREP', '3', '14.04.1997', '12.05.1997', '21.04.1997', '3', '7.13', 'Mère Paillarde', '43 rue St. Laurent', 'Montréal', 'Québec', '0', 'Kanada'),
	('10506', 'KOENE', '9', '15.04.1997', '13.05.1997', '02.05.1997', '2', '21.19', 'Königlich Essen', 'Maubelstr. 90', 'Brandenburg', NULL, '14776', 'Deutschland'),
	('10507', 'ANTON', '7', '15.04.1997', '13.05.1997', '22.04.1997', '1', '47.45', 'Antonio Moreno Taquería', 'Mataderos 2312', 'México D.F.', NULL, '5023', 'Mexiko'),
	('10508', 'OTTIK', '1', '16.04.1997', '14.05.1997', '13.05.1997', '2', '4.99', 'Ottilies Käseladen', 'Mehrheimerstr. 369', 'Köln', NULL, '50739', 'Deutschland'),
	('10509', 'BLAUS', '4', '17.04.1997', '15.05.1997', '29.04.1997', '1', '0.15', 'Blauer See Delikatessen', 'Forsterstr. 57', 'Mannheim', NULL, '68306', 'Deutschland'),
	('10510', 'SAVEA', '6', '18.04.1997', '16.05.1997', '28.04.1997', '3', '367.63', 'Save-a-lot Markets', '187 Suffolk Ln.', 'Boise', 'ID', '8372', 'USA'),
	('10511', 'BONAP', '4', '18.04.1997', '16.05.1997', '21.04.1997', '3', '350.64', 'Bon app\'', '12, rue des Bouchers', 'Marseille', NULL, '13008', 'Frankreich'),
	('10512', 'FAMIA', '7', '21.04.1997', '19.05.1997', '24.04.1997', '2', '3.53', 'Familia Arquibaldo', 'Rua Orós, 92', 'São Paulo', 'SP', '5442', 'Brasilien'),
	('10513', 'WANDK', '7', '22.04.1997', '03.06.1997', '28.04.1997', '1', '105.65', 'Die Wandernde Kuh', 'Adenauerallee 900', 'Stuttgart', NULL, '70563', 'Deutschland'),
	('10514', 'ERNSH', '3', '22.04.1997', '20.05.1997', '16.05.1997', '2', '789.95', 'Ernst Handel', 'Kirchgasse 6', 'Graz', NULL, '801', 'Österreich'),
	('10515', 'QUICK', '2', '23.04.1997', '07.05.1997', '23.05.1997', '1', '204.47', 'QUICK-Stop', 'Taucherstraße 10', 'Cunewalde', NULL, '1307', 'Deutschland'),
	('10516', 'HUNGO', '2', '24.04.1997', '22.05.1997', '01.05.1997', '3', '62.78', 'Hungry Owl All-Night Grocers', '8 Johnstown Road', 'Cork', 'Co. Cork', NULL, 'Irland'),
	('10517', 'NORTS', '3', '24.04.1997', '22.05.1997', '29.04.1997', '3', '32.07', 'North/South', 'South House 300 Queensbridge', 'London', NULL, '0', 'Großbritannien'),
	('10518', 'TORTU', '4', '25.04.1997', '09.05.1997', '05.05.1997', '2', '218.15', 'Tortuga Restaurante', 'Avda. Azteca 123', 'México D.F.', NULL, '5033', 'Mexiko'),
	('10519', 'CHOPS', '6', '28.04.1997', '26.05.1997', '01.05.1997', '3', '91.76', 'Chop-suey Chinese', 'Hauptstr. 31', 'Bern', NULL, '3012', 'Schweiz'),
	('10520', 'SANTG', '7', '29.04.1997', '27.05.1997', '01.05.1997', '1', '13.37', 'Santé Gourmet', 'Erling Skakkes gate 78', 'Stavern', NULL, '411', 'Norwegen'),
	('10521', 'CACTU', '8', '29.04.1997', '27.05.1997', '02.05.1997', '2', '17.22', 'Cactus Comidas para llevar', 'Cerrito 333', 'Buenos Aires', NULL, '101', 'Argentinien'),
	('10522', 'LEHMS', '4', '30.04.1997', '28.05.1997', '06.05.1997', '1', '45.33', 'Lehmanns Marktstand', 'Magazinweg 7', 'Frankfurt a.M.', NULL, '60528', 'Deutschland'),
	('10523', 'SEVES', '7', '01.05.1997', '29.05.1997', '30.05.1997', '2', '77.63', 'Seven Seas Imports', '90 Wadhurst Rd.', 'London', NULL, '0', 'Großbritannien'),
	('10524', 'BERGS', '1', '01.05.1997', '29.05.1997', '07.05.1997', '2', '244.79', 'Berglunds snabbköp', 'Berguvsvägen 8', 'Luleå', NULL, '0', 'Schweden'),
	('10525', 'BONAP', '1', '02.05.1997', '30.05.1997', '23.05.1997', '2', '11.06', 'Bon app\'', '12, rue des Bouchers', 'Marseille', NULL, '13008', 'Frankreich'),
	('10526', 'WARTH', '4', '05.05.1997', '02.06.1997', '15.05.1997', '2', '58.59', 'Wartian Herkku', 'Torikatu 38', 'Oulu', NULL, '9011', 'Finnland'),
	('10527', 'QUICK', '7', '05.05.1997', '02.06.1997', '07.05.1997', '1', '41.9', 'QUICK-Stop', 'Taucherstraße 10', 'Cunewalde', NULL, '1307', 'Deutschland'),
	('10528', 'GREAL', '6', '06.05.1997', '20.05.1997', '09.05.1997', '2', '3.35', 'Great Lakes Food Market', '2732 Baker Blvd.', 'Eugene', 'OR', '97403', 'USA'),
	('10529', 'MAISD', '5', '07.05.1997', '04.06.1997', '09.05.1997', '2', '66.69', 'Maison Dewey', 'Rue Joseph-Bens 532', 'Bruxelles', NULL, '0', 'Belgien'),
	('10530', 'PICCO', '3', '08.05.1997', '05.06.1997', '12.05.1997', '2', '339.22', 'Piccolo und mehr', 'Geislweg 14', 'Salzburg', NULL, '502', 'Österreich'),
	('10531', 'OCEAN', '7', '08.05.1997', '05.06.1997', '19.05.1997', '1', '8.12', 'Océano Atlántico Ltda.', 'Ing. Gustavo Moncada 8585 Piso 20-A', 'Buenos Aires', NULL, '101', 'Argentinien'),
	('10532', 'EASTC', '7', '09.05.1997', '06.06.1997', '12.05.1997', '3', '74.46', 'Eastern Connection', '35 King George', 'London', NULL, '0', 'Großbritannien'),
	('10533', 'FOLKO', '8', '12.05.1997', '09.06.1997', '22.05.1997', '1', '188.04', 'Folk och fä HB', 'Åkergatan 24', 'Bräcke', NULL, '0', 'Schweden'),
	('10534', 'LEHMS', '8', '12.05.1997', '09.06.1997', '14.05.1997', '2', '27.94', 'Lehmanns Marktstand', 'Magazinweg 7', 'Frankfurt a.M.', NULL, '60528', 'Deutschland'),
	('10535', 'ANTON', '4', '13.05.1997', '10.06.1997', '21.05.1997', '1', '15.64', 'Antonio Moreno Taquería', 'Mataderos 2312', 'México D.F.', NULL, '5023', 'Mexiko'),
	('10536', 'LEHMS', '3', '14.05.1997', '11.06.1997', '06.06.1997', '2', '58.88', 'Lehmanns Marktstand', 'Magazinweg 7', 'Frankfurt a.M.', NULL, '60528', 'Deutschland'),
	('10537', 'RICSU', '1', '14.05.1997', '28.05.1997', '19.05.1997', '1', '78.85', 'Richter Supermarkt', 'Starenweg 5', 'Genève', NULL, '1204', 'Schweiz'),
	('10538', 'BSBEV', '9', '15.05.1997', '12.06.1997', '16.05.1997', '3', '4.87', 'B\'s Beverages', 'Fauntleroy Circus', 'London', NULL, '0', 'Großbritannien'),
	('10539', 'BSBEV', '6', '16.05.1997', '13.06.1997', '23.05.1997', '3', '12.36', 'B\'s Beverages', 'Fauntleroy Circus', 'London', NULL, '0', 'Großbritannien'),
	('10540', 'QUICK', '3', '19.05.1997', '16.06.1997', '13.06.1997', '3', '1.007.64', 'QUICK-Stop', 'Taucherstraße 10', 'Cunewalde', NULL, '1307', 'Deutschland'),
	('10541', 'HANAR', '2', '19.05.1997', '16.06.1997', '29.05.1997', '1', '68.65', 'Hanari Carnes', 'Rua do Paço, 67', 'Rio de Janeiro', 'RJ', '5454', 'Brasilien'),
	('10542', 'KOENE', '1', '20.05.1997', '17.06.1997', '26.05.1997', '3', '10.95', 'Königlich Essen', 'Maubelstr. 90', 'Brandenburg', NULL, '14776', 'Deutschland'),
	('10543', 'LILAS', '8', '21.05.1997', '18.06.1997', '23.05.1997', '2', '48.17', 'LILA-Supermercado', 'Carrera 52 con Ave. Bolívar #65-98 Llano Largo', 'Barquisimeto', 'Lara', '3508', 'Venezuela'),
	('10544', 'LONEP', '4', '21.05.1997', '18.06.1997', '30.05.1997', '1', '24.91', 'Lonesome Pine Restaurant', '89 Chiaroscuro Rd.', 'Portland', 'OR', '97219', 'USA'),
	('10545', 'LAZYK', '8', '22.05.1997', '19.06.1997', '26.06.1997', '2', '11.92', 'Lazy K Kountry Store', '12 Orchestra Terrace', 'Walla Walla', 'WA', '99362', 'USA'),
	('10546', 'VICTE', '1', '23.05.1997', '20.06.1997', '27.05.1997', '3', '194.72', 'Victuailles en stock', '2, rue du Commerce', 'Lyon', NULL, '69004', 'Frankreich'),
	('10547', 'SEVES', '3', '23.05.1997', '20.06.1997', '02.06.1997', '2', '178.43', 'Seven Seas Imports', '90 Wadhurst Rd.', 'London', NULL, '0', 'Großbritannien'),
	('10548', 'TOMSP', '3', '26.05.1997', '23.06.1997', '02.06.1997', '2', '1.43', 'Toms Spezialitäten', 'Luisenstr. 48', 'Münster', NULL, '44087', 'Deutschland'),
	('10549', 'QUICK', '5', '27.05.1997', '10.06.1997', '30.05.1997', '1', '171.24', 'QUICK-Stop', 'Taucherstraße 10', 'Cunewalde', NULL, '1307', 'Deutschland'),
	('10550', 'GODOS', '7', '28.05.1997', '25.06.1997', '06.06.1997', '3', '4.32', 'Godos Cocina Típica', 'C/ Romero, 33', 'Sevilla', NULL, '41101', 'Spanien'),
	('10551', 'FURIB', '4', '28.05.1997', '09.07.1997', '06.06.1997', '3', '72.95', 'Furia Bacalhau e Frutos do Mar', 'Jardim das rosas n. 32', 'Lisboa', NULL, '1675', 'Portugal'),
	('10552', 'HILAA', '2', '29.05.1997', '26.06.1997', '05.06.1997', '1', '83.22', 'HILARIÓN-Abastos', 'Carrera 22 con Ave. Carlos Soublette #8-35', 'San Cristóbal', 'Táchira', '5022', 'Venezuela'),
	('10553', 'WARTH', '2', '30.05.1997', '27.06.1997', '03.06.1997', '2', '149.49', 'Wartian Herkku', 'Torikatu 38', 'Oulu', NULL, '9011', 'Finnland'),
	('10554', 'OTTIK', '4', '30.05.1997', '27.06.1997', '05.06.1997', '3', '120.97', 'Ottilies Käseladen', 'Mehrheimerstr. 369', 'Köln', NULL, '50739', 'Deutschland'),
	('10555', 'SAVEA', '6', '02.06.1997', '30.06.1997', '04.06.1997', '3', '252.49', 'Save-a-lot Markets', '187 Suffolk Ln.', 'Boise', 'ID', '8372', 'USA'),
	('10556', 'SIMOB', '2', '03.06.1997', '15.07.1997', '13.06.1997', '1', '9.8', 'Simons bistro', 'Vinbæltet 34', 'København', NULL, '1734', 'Dänemark'),
	('10557', 'LEHMS', '9', '03.06.1997', '17.06.1997', '06.06.1997', '2', '96.72', 'Lehmanns Marktstand', 'Magazinweg 7', 'Frankfurt a.M.', NULL, '60528', 'Deutschland'),
	('10558', 'AROUT', '1', '04.06.1997', '02.07.1997', '10.06.1997', '2', '72.97', 'Around the Horn', 'Brook Farm Stratford St. Mary', 'Colchester', 'Essex', '0', 'Großbritannien'),
	('10559', 'BLONP', '6', '05.06.1997', '03.07.1997', '13.06.1997', '1', '8.05', 'Blondel père et fils', '24, place Kléber', 'Strasbourg', NULL, '67', 'Frankreich'),
	('10560', 'FRANK', '8', '06.06.1997', '04.07.1997', '09.06.1997', '1', '36.65', 'Frankenversand', 'Berliner Platz 43', 'München', NULL, '80805', 'Deutschland'),
	('10561', 'FOLKO', '2', '06.06.1997', '04.07.1997', '09.06.1997', '2', '242.21', 'Folk och fä HB', 'Åkergatan 24', 'Bräcke', NULL, '0', 'Schweden'),
	('10562', 'REGGC', '1', '09.06.1997', '07.07.1997', '12.06.1997', '1', '22.95', 'Reggiani Caseifici', 'Strada Provinciale 124', 'Reggio Emilia', NULL, '421', 'Italien'),
	('10563', 'RICAR', '2', '10.06.1997', '22.07.1997', '24.06.1997', '2', '60.43', 'Ricardo Adocicados', 'Av. Copacabana, 267', 'Rio de Janeiro', 'RJ', '2389', 'Brasilien'),
	('10564', 'RATTC', '4', '10.06.1997', '08.07.1997', '16.06.1997', '3', '13.75', 'Rattlesnake Canyon Grocery', '2817 Milton Dr.', 'Albuquerque', 'NM', '8711', 'USA'),
	('10565', 'MEREP', '8', '11.06.1997', '09.07.1997', '18.06.1997', '2', '7.15', 'Mère Paillarde', '43 rue St. Laurent', 'Montréal', 'Québec', '0', 'Kanada'),
	('10566', 'BLONP', '9', '12.06.1997', '10.07.1997', '18.06.1997', '1', '88.4', 'Blondel père et fils', '24, place Kléber', 'Strasbourg', NULL, '67', 'Frankreich'),
	('10567', 'HUNGO', '1', '12.06.1997', '10.07.1997', '17.06.1997', '1', '33.97', 'Hungry Owl All-Night Grocers', '8 Johnstown Road', 'Cork', 'Co. Cork', NULL, 'Irland'),
	('10568', 'GALED', '3', '13.06.1997', '11.07.1997', '09.07.1997', '3', '6.54', 'Galería del gastronómo', 'Rambla de Cataluña, 23', 'Barcelona', NULL, '8022', 'Spanien'),
	('10569', 'RATTC', '5', '16.06.1997', '14.07.1997', '11.07.1997', '1', '58.98', 'Rattlesnake Canyon Grocery', '2817 Milton Dr.', 'Albuquerque', 'NM', '8711', 'USA'),
	('10570', 'MEREP', '3', '17.06.1997', '15.07.1997', '19.06.1997', '3', '188.99', 'Mère Paillarde', '43 rue St. Laurent', 'Montréal', 'Québec', '0', 'Kanada'),
	('10571', 'ERNSH', '8', '17.06.1997', '29.07.1997', '04.07.1997', '3', '26.06', 'Ernst Handel', 'Kirchgasse 6', 'Graz', NULL, '801', 'Österreich'),
	('10572', 'BERGS', '3', '18.06.1997', '16.07.1997', '25.06.1997', '2', '116.43', 'Berglunds snabbköp', 'Berguvsvägen 8', 'Luleå', NULL, '0', 'Schweden'),
	('10573', 'ANTON', '7', '19.06.1997', '17.07.1997', '20.06.1997', '3', '84.84', 'Antonio Moreno Taquería', 'Mataderos 2312', 'México D.F.', NULL, '5023', 'Mexiko'),
	('10574', 'TRAIH', '4', '19.06.1997', '17.07.1997', '30.06.1997', '2', '37.6', 'Trail\'s Head Gourmet Provisioners', '722 DaVinci Blvd.', 'Kirkland', 'WA', '98034', 'USA'),
	('10575', 'MORGK', '5', '20.06.1997', '04.07.1997', '30.06.1997', '1', '127.34', 'Morgenstern Gesundkost', 'Heerstr. 22', 'Leipzig', NULL, '4179', 'Deutschland'),
	('10576', 'TORTU', '3', '23.06.1997', '07.07.1997', '30.06.1997', '3', '18.56', 'Tortuga Restaurante', 'Avda. Azteca 123', 'México D.F.', NULL, '5033', 'Mexiko'),
	('10577', 'TRAIH', '9', '23.06.1997', '04.08.1997', '30.06.1997', '2', '25.41', 'Trail\'s Head Gourmet Provisioners', '722 DaVinci Blvd.', 'Kirkland', 'WA', '98034', 'USA'),
	('10578', 'BSBEV', '4', '24.06.1997', '22.07.1997', '25.07.1997', '3', '29.6', 'B\'s Beverages', 'Fauntleroy Circus', 'London', NULL, '0', 'Großbritannien'),
	('10579', 'LETSS', '1', '25.06.1997', '23.07.1997', '04.07.1997', '2', '13.73', 'Let\'s Stop N Shop', '87 Polk St. Suite 5', 'San Francisco', 'CA', '94117', 'USA'),
	('10580', 'OTTIK', '4', '26.06.1997', '24.07.1997', '01.07.1997', '3', '75.89', 'Ottilies Käseladen', 'Mehrheimerstr. 369', 'Köln', NULL, '50739', 'Deutschland'),
	('10581', 'FAMIA', '3', '26.06.1997', '24.07.1997', '02.07.1997', '1', '3.01', 'Familia Arquibaldo', 'Rua Orós, 92', 'São Paulo', 'SP', '5442', 'Brasilien'),
	('10582', 'BLAUS', '3', '27.06.1997', '25.07.1997', '14.07.1997', '2', '27.71', 'Blauer See Delikatessen', 'Forsterstr. 57', 'Mannheim', NULL, '68306', 'Deutschland'),
	('10583', 'WARTH', '2', '30.06.1997', '28.07.1997', '04.07.1997', '2', '7.28', 'Wartian Herkku', 'Torikatu 38', 'Oulu', NULL, '9011', 'Finnland'),
	('10584', 'BLONP', '4', '30.06.1997', '28.07.1997', '04.07.1997', '1', '59.14', 'Blondel père et fils', '24, place Kléber', 'Strasbourg', NULL, '67', 'Frankreich'),
	('10585', 'WELLI', '7', '01.07.1997', '29.07.1997', '10.07.1997', '1', '13.41', 'Wellington Importadora', 'Rua do Mercado, 12', 'Resende', 'SP', '8737', 'Brasilien'),
	('10586', 'REGGC', '9', '02.07.1997', '30.07.1997', '09.07.1997', '1', '0.48', 'Reggiani Caseifici', 'Strada Provinciale 124', 'Reggio Emilia', NULL, '421', 'Italien'),
	('10587', 'QUEDE', '1', '02.07.1997', '30.07.1997', '09.07.1997', '1', '62.52', 'Que Delícia', 'Rua da Panificadora, 12', 'Rio de Janeiro', 'RJ', '2389', 'Brasilien'),
	('10588', 'QUICK', '2', '03.07.1997', '31.07.1997', '10.07.1997', '3', '194.67', 'QUICK-Stop', 'Taucherstraße 10', 'Cunewalde', NULL, '1307', 'Deutschland'),
	('10589', 'GREAL', '8', '04.07.1997', '01.08.1997', '14.07.1997', '2', '4.42', 'Great Lakes Food Market', '2732 Baker Blvd.', 'Eugene', 'OR', '97403', 'USA'),
	('10590', 'MEREP', '4', '07.07.1997', '04.08.1997', '14.07.1997', '3', '44.77', 'Mère Paillarde', '43 rue St. Laurent', 'Montréal', 'Québec', '0', 'Kanada'),
	('10591', 'VAFFE', '1', '07.07.1997', '21.07.1997', '16.07.1997', '1', '55.92', 'Vaffeljernet', 'Smagsløget 45', 'Århus', NULL, '82', 'Dänemark'),
	('10592', 'LEHMS', '3', '08.07.1997', '05.08.1997', '16.07.1997', '1', '32.1', 'Lehmanns Marktstand', 'Magazinweg 7', 'Frankfurt a.M.', NULL, '60528', 'Deutschland'),
	('10593', 'LEHMS', '7', '09.07.1997', '06.08.1997', '13.08.1997', '2', '174.2', 'Lehmanns Marktstand', 'Magazinweg 7', 'Frankfurt a.M.', NULL, '60528', 'Deutschland'),
	('10594', 'OLDWO', '3', '09.07.1997', '06.08.1997', '16.07.1997', '2', '5.24', 'Old World Delicatessen', '2743 Bering St.', 'Anchorage', 'AK', '99508', 'USA'),
	('10595', 'ERNSH', '2', '10.07.1997', '07.08.1997', '14.07.1997', '1', '96.78', 'Ernst Handel', 'Kirchgasse 6', 'Graz', NULL, '801', 'Österreich'),
	('10596', 'WHITC', '8', '11.07.1997', '08.08.1997', '12.08.1997', '1', '16.34', 'White Clover Markets', '1029 - 12th Ave. S.', 'Seattle', 'WA', '98124', 'USA'),
	('10597', 'PICCO', '7', '11.07.1997', '08.08.1997', '18.07.1997', '3', '35.12', 'Piccolo und mehr', 'Geislweg 14', 'Salzburg', NULL, '502', 'Österreich'),
	('10598', 'RATTC', '1', '14.07.1997', '11.08.1997', '18.07.1997', '3', '44.42', 'Rattlesnake Canyon Grocery', '2817 Milton Dr.', 'Albuquerque', 'NM', '8711', 'USA'),
	('10599', 'BSBEV', '6', '15.07.1997', '26.08.1997', '21.07.1997', '3', '29.98', 'B\'s Beverages', 'Fauntleroy Circus', 'London', NULL, '0', 'Großbritannien'),
	('10600', 'HUNGC', '4', '16.07.1997', '13.08.1997', '21.07.1997', '1', '45.13', 'Hungry Coyote Import Store', 'City Center Plaza 516 Main St.', 'Elgin', 'OR', '97827', 'USA'),
	('10601', 'HILAA', '7', '16.07.1997', '27.08.1997', '22.07.1997', '1', '58.3', 'HILARIÓN-Abastos', 'Carrera 22 con Ave. Carlos Soublette #8-35', 'San Cristóbal', 'Táchira', '5022', 'Venezuela'),
	('10602', 'VAFFE', '8', '17.07.1997', '14.08.1997', '22.07.1997', '2', '2.92', 'Vaffeljernet', 'Smagsløget 45', 'Århus', NULL, '82', 'Dänemark'),
	('10603', 'SAVEA', '8', '18.07.1997', '15.08.1997', '08.08.1997', '2', '48.77', 'Save-a-lot Markets', '187 Suffolk Ln.', 'Boise', 'ID', '8372', 'USA'),
	('10604', 'FURIB', '1', '18.07.1997', '15.08.1997', '29.07.1997', '1', '7.46', 'Furia Bacalhau e Frutos do Mar', 'Jardim das rosas n. 32', 'Lisboa', NULL, '1675', 'Portugal'),
	('10605', 'MEREP', '1', '21.07.1997', '18.08.1997', '29.07.1997', '2', '379.13', 'Mère Paillarde', '43 rue St. Laurent', 'Montréal', 'Québec', '0', 'Kanada'),
	('10606', 'TRADH', '4', '22.07.1997', '19.08.1997', '31.07.1997', '3', '79.4', 'Tradição Hipermercados', 'Av. Inês de Castro, 414', 'São Paulo', 'SP', '5634', 'Brasilien'),
	('10607', 'SAVEA', '5', '22.07.1997', '19.08.1997', '25.07.1997', '1', '200.24', 'Save-a-lot Markets', '187 Suffolk Ln.', 'Boise', 'ID', '8372', 'USA'),
	('10608', 'TOMSP', '4', '23.07.1997', '20.08.1997', '01.08.1997', '2', '27.79', 'Toms Spezialitäten', 'Luisenstr. 48', 'Münster', NULL, '44087', 'Deutschland'),
	('10609', 'DUMON', '7', '24.07.1997', '21.08.1997', '30.07.1997', '2', '1.85', 'Du monde entier', '67, rue des Cinquante Otages', 'Nantes', NULL, '44', 'Frankreich'),
	('10610', 'LAMAI', '8', '25.07.1997', '22.08.1997', '06.08.1997', '1', '26.78', 'La maison d\'Asie', '1 rue Alsace-Lorraine', 'Toulouse', NULL, '31', 'Frankreich'),
	('10611', 'WOLZA', '6', '25.07.1997', '22.08.1997', '01.08.1997', '2', '80.65', 'Wolski Zajazd', 'ul. Filtrowa 68', 'Warszawa', NULL, '1', 'Polen'),
	('10612', 'SAVEA', '1', '28.07.1997', '25.08.1997', '01.08.1997', '2', '544.08', 'Save-a-lot Markets', '187 Suffolk Ln.', 'Boise', 'ID', '8372', 'USA'),
	('10613', 'HILAA', '4', '29.07.1997', '26.08.1997', '01.08.1997', '2', '8.11', 'HILARIÓN-Abastos', 'Carrera 22 con Ave. Carlos Soublette #8-35', 'San Cristóbal', 'Táchira', '5022', 'Venezuela'),
	('10614', 'BLAUS', '8', '29.07.1997', '26.08.1997', '01.08.1997', '3', '1.93', 'Blauer See Delikatessen', 'Forsterstr. 57', 'Mannheim', NULL, '68306', 'Deutschland'),
	('10615', 'WILMK', '2', '30.07.1997', '27.08.1997', '06.08.1997', '3', '0.75', 'Wilman Kala', 'Keskuskatu 45', 'Helsinki', NULL, '2124', 'Finnland'),
	('10616', 'GREAL', '1', '31.07.1997', '28.08.1997', '05.08.1997', '2', '116.53', 'Great Lakes Food Market', '2732 Baker Blvd.', 'Eugene', 'OR', '97403', 'USA'),
	('10617', 'GREAL', '4', '31.07.1997', '28.08.1997', '04.08.1997', '2', '18.53', 'Great Lakes Food Market', '2732 Baker Blvd.', 'Eugene', 'OR', '97403', 'USA'),
	('10618', 'MEREP', '1', '01.08.1997', '12.09.1997', '08.08.1997', '1', '154.68', 'Mère Paillarde', '43 rue St. Laurent', 'Montréal', 'Québec', '0', 'Kanada'),
	('10619', 'MEREP', '3', '04.08.1997', '01.09.1997', '07.08.1997', '3', '91.05', 'Mère Paillarde', '43 rue St. Laurent', 'Montréal', 'Québec', '0', 'Kanada'),
	('10620', 'LAUGB', '2', '05.08.1997', '02.09.1997', '14.08.1997', '3', '0.94', 'Laughing Bacchus Wine Cellars', '2319 Elm St.', 'Vancouver', 'BC', '0', 'Kanada'),
	('10621', 'ISLAT', '4', '05.08.1997', '02.09.1997', '11.08.1997', '2', '23.73', 'Island Trading', 'Garden House Crowther Way', 'Cowes', 'Isle of Wight', '0', 'Großbritannien'),
	('10622', 'RICAR', '4', '06.08.1997', '03.09.1997', '11.08.1997', '3', '50.97', 'Ricardo Adocicados', 'Av. Copacabana, 267', 'Rio de Janeiro', 'RJ', '2389', 'Brasilien'),
	('10623', 'FRANK', '8', '07.08.1997', '04.09.1997', '12.08.1997', '2', '97.18', 'Frankenversand', 'Berliner Platz 43', 'München', NULL, '80805', 'Deutschland'),
	('10624', 'THECR', '4', '07.08.1997', '04.09.1997', '19.08.1997', '2', '94.8', 'The Cracker Box', '55 Grizzly Peak Rd.', 'Butte', 'MT', '59801', 'USA'),
	('10625', 'ANATR', '3', '08.08.1997', '05.09.1997', '14.08.1997', '1', '43.9', 'Ana Trujillo Emparedados y helados', 'Avda. de la Constitución 2222', 'México D.F.', NULL, '5021', 'Mexiko'),
	('10626', 'BERGS', '1', '11.08.1997', '08.09.1997', '20.08.1997', '2', '138.69', 'Berglunds snabbköp', 'Berguvsvägen 8', 'Luleå', NULL, '0', 'Schweden'),
	('10627', 'SAVEA', '8', '11.08.1997', '22.09.1997', '21.08.1997', '3', '107.46', 'Save-a-lot Markets', '187 Suffolk Ln.', 'Boise', 'ID', '8372', 'USA'),
	('10628', 'BLONP', '4', '12.08.1997', '09.09.1997', '20.08.1997', '3', '30.36', 'Blondel père et fils', '24, place Kléber', 'Strasbourg', NULL, '67', 'Frankreich'),
	('10629', 'GODOS', '4', '12.08.1997', '09.09.1997', '20.08.1997', '3', '85.46', 'Godos Cocina Típica', 'C/ Romero, 33', 'Sevilla', NULL, '41101', 'Spanien'),
	('10630', 'KOENE', '1', '13.08.1997', '10.09.1997', '19.08.1997', '2', '32.35', 'Königlich Essen', 'Maubelstr. 90', 'Brandenburg', NULL, '14776', 'Deutschland'),
	('10631', 'LAMAI', '8', '14.08.1997', '11.09.1997', '15.08.1997', '1', '0.87', 'La maison d\'Asie', '1 rue Alsace-Lorraine', 'Toulouse', NULL, '31', 'Frankreich'),
	('10632', 'WANDK', '8', '14.08.1997', '11.09.1997', '19.08.1997', '1', '41.38', 'Die Wandernde Kuh', 'Adenauerallee 900', 'Stuttgart', NULL, '70563', 'Deutschland'),
	('10633', 'ERNSH', '7', '15.08.1997', '12.09.1997', '18.08.1997', '3', '477.9', 'Ernst Handel', 'Kirchgasse 6', 'Graz', NULL, '801', 'Österreich'),
	('10634', 'FOLIG', '4', '15.08.1997', '12.09.1997', '21.08.1997', '3', '487.38', 'Folies gourmandes', '184, chaussée de Tournai', 'Lille', NULL, '59', 'Frankreich'),
	('10635', 'MAGAA', '8', '18.08.1997', '15.09.1997', '21.08.1997', '3', '47.46', 'Magazzini Alimentari Riuniti', 'Via Ludovico il Moro 22', 'Bergamo', NULL, '241', 'Italien'),
	('10636', 'WARTH', '4', '19.08.1997', '16.09.1997', '26.08.1997', '1', '1.15', 'Wartian Herkku', 'Torikatu 38', 'Oulu', NULL, '9011', 'Finnland'),
	('10637', 'QUEEN', '6', '19.08.1997', '16.09.1997', '26.08.1997', '1', '201.29', 'Queen Cozinha', 'Alameda dos Canàrios, 891', 'São Paulo', 'SP', '5487', 'Brasilien'),
	('10638', 'LINOD', '3', '20.08.1997', '17.09.1997', '01.09.1997', '1', '158.44', 'LINO-Delicateses', 'Ave. 5 de Mayo Porlamar', 'I. de Margarita', 'Nueva Esparta', '498', 'Venezuela'),
	('10639', 'SANTG', '7', '20.08.1997', '17.09.1997', '27.08.1997', '3', '38.64', 'Santé Gourmet', 'Erling Skakkes gate 78', 'Stavern', NULL, '411', 'Norwegen'),
	('10640', 'WANDK', '4', '21.08.1997', '18.09.1997', '28.08.1997', '1', '23.55', 'Die Wandernde Kuh', 'Adenauerallee 900', 'Stuttgart', NULL, '70563', 'Deutschland'),
	('10641', 'HILAA', '4', '22.08.1997', '19.09.1997', '26.08.1997', '2', '179.61', 'HILARIÓN-Abastos', 'Carrera 22 con Ave. Carlos Soublette #8-35', 'San Cristóbal', 'Táchira', '5022', 'Venezuela'),
	('10642', 'SIMOB', '7', '22.08.1997', '19.09.1997', '05.09.1997', '3', '41.89', 'Simons bistro', 'Vinbæltet 34', 'København', NULL, '1734', 'Dänemark'),
	('10643', 'ALFKI', '6', '25.08.1997', '22.09.1997', '02.09.1997', '1', '29.46', 'Alfred\'s Futterkiste', 'Obere Str. 57', 'Berlin', NULL, '12209', 'Deutschland'),
	('10644', 'WELLI', '3', '25.08.1997', '22.09.1997', '01.09.1997', '2', '0.14', 'Wellington Importadora', 'Rua do Mercado, 12', 'Resende', 'SP', '8737', 'Brasilien'),
	('10645', 'HANAR', '4', '26.08.1997', '23.09.1997', '02.09.1997', '1', '12.41', 'Hanari Carnes', 'Rua do Paço, 67', 'Rio de Janeiro', 'RJ', '5454', 'Brasilien'),
	('10646', 'HUNGO', '9', '27.08.1997', '08.10.1997', '03.09.1997', '3', '142.33', 'Hungry Owl All-Night Grocers', '8 Johnstown Road', 'Cork', 'Co. Cork', NULL, 'Irland'),
	('10647', 'QUEDE', '4', '27.08.1997', '10.09.1997', '03.09.1997', '2', '45.54', 'Que Delícia', 'Rua da Panificadora, 12', 'Rio de Janeiro', 'RJ', '2389', 'Brasilien'),
	('10648', 'RICAR', '5', '28.08.1997', '09.10.1997', '09.09.1997', '2', '14.25', 'Ricardo Adocicados', 'Av. Copacabana, 267', 'Rio de Janeiro', 'RJ', '2389', 'Brasilien'),
	('10649', 'MAISD', '5', '28.08.1997', '25.09.1997', '29.08.1997', '3', '6.2', 'Maison Dewey', 'Rue Joseph-Bens 532', 'Bruxelles', NULL, '0', 'Belgien'),
	('10650', 'FAMIA', '5', '29.08.1997', '26.09.1997', '03.09.1997', '3', '176.81', 'Familia Arquibaldo', 'Rua Orós, 92', 'São Paulo', 'SP', '5442', 'Brasilien'),
	('10651', 'WANDK', '8', '01.09.1997', '29.09.1997', '11.09.1997', '2', '20.6', 'Die Wandernde Kuh', 'Adenauerallee 900', 'Stuttgart', NULL, '70563', 'Deutschland'),
	('10652', 'GOURL', '4', '01.09.1997', '29.09.1997', '08.09.1997', '2', '7.14', 'Gourmet Lanchonetes', 'Av. Brasil, 442', 'Campinas', 'SP', '4876', 'Brasilien'),
	('10653', 'FRANK', '1', '02.09.1997', '30.09.1997', '19.09.1997', '1', '93.25', 'Frankenversand', 'Berliner Platz 43', 'München', NULL, '80805', 'Deutschland'),
	('10654', 'BERGS', '5', '02.09.1997', '30.09.1997', '11.09.1997', '1', '55.26', 'Berglunds snabbköp', 'Berguvsvägen 8', 'Luleå', NULL, '0', 'Schweden'),
	('10655', 'REGGC', '1', '03.09.1997', '01.10.1997', '11.09.1997', '2', '4.41', 'Reggiani Caseifici', 'Strada Provinciale 124', 'Reggio Emilia', NULL, '421', 'Italien'),
	('10656', 'GREAL', '6', '04.09.1997', '02.10.1997', '10.09.1997', '1', '57.15', 'Great Lakes Food Market', '2732 Baker Blvd.', 'Eugene', 'OR', '97403', 'USA'),
	('10657', 'SAVEA', '2', '04.09.1997', '02.10.1997', '15.09.1997', '2', '352.69', 'Save-a-lot Markets', '187 Suffolk Ln.', 'Boise', 'ID', '8372', 'USA'),
	('10658', 'QUICK', '4', '05.09.1997', '03.10.1997', '08.09.1997', '1', '364.15', 'QUICK-Stop', 'Taucherstraße 10', 'Cunewalde', NULL, '1307', 'Deutschland'),
	('10659', 'QUEEN', '7', '05.09.1997', '03.10.1997', '10.09.1997', '2', '105.81', 'Queen Cozinha', 'Alameda dos Canàrios, 891', 'São Paulo', 'SP', '5487', 'Brasilien'),
	('10660', 'HUNGC', '8', '08.09.1997', '06.10.1997', '15.10.1997', '1', '111.29', 'Hungry Coyote Import Store', 'City Center Plaza 516 Main St.', 'Elgin', 'OR', '97827', 'USA'),
	('10661', 'HUNGO', '7', '09.09.1997', '07.10.1997', '15.09.1997', '3', '17.55', 'Hungry Owl All-Night Grocers', '8 Johnstown Road', 'Cork', 'Co. Cork', NULL, 'Irland'),
	('10662', 'LONEP', '3', '09.09.1997', '07.10.1997', '18.09.1997', '2', '1.28', 'Lonesome Pine Restaurant', '89 Chiaroscuro Rd.', 'Portland', 'OR', '97219', 'USA'),
	('10663', 'BONAP', '2', '10.09.1997', '24.09.1997', '03.10.1997', '2', '113.15', 'Bon app\'', '12, rue des Bouchers', 'Marseille', NULL, '13008', 'Frankreich'),
	('10664', 'FURIB', '1', '10.09.1997', '08.10.1997', '19.09.1997', '3', '1.27', 'Furia Bacalhau e Frutos do Mar', 'Jardim das rosas n. 32', 'Lisboa', NULL, '1675', 'Portugal'),
	('10665', 'LONEP', '1', '11.09.1997', '09.10.1997', '17.09.1997', '2', '26.31', 'Lonesome Pine Restaurant', '89 Chiaroscuro Rd.', 'Portland', 'OR', '97219', 'USA'),
	('10666', 'RICSU', '7', '12.09.1997', '10.10.1997', '22.09.1997', '2', '232.42', 'Richter Supermarkt', 'Starenweg 5', 'Genève', NULL, '1204', 'Schweiz'),
	('10667', 'ERNSH', '7', '12.09.1997', '10.10.1997', '19.09.1997', '1', '78.09', 'Ernst Handel', 'Kirchgasse 6', 'Graz', NULL, '801', 'Österreich'),
	('10668', 'WANDK', '1', '15.09.1997', '13.10.1997', '23.09.1997', '2', '47.22', 'Die Wandernde Kuh', 'Adenauerallee 900', 'Stuttgart', NULL, '70563', 'Deutschland'),
	('10669', 'SIMOB', '2', '15.09.1997', '13.10.1997', '22.09.1997', '1', '24.39', 'Simons bistro', 'Vinbæltet 34', 'København', NULL, '1734', 'Dänemark'),
	('10670', 'FRANK', '4', '16.09.1997', '14.10.1997', '18.09.1997', '1', '203.48', 'Frankenversand', 'Berliner Platz 43', 'München', NULL, '80805', 'Deutschland'),
	('10671', 'FRANR', '1', '17.09.1997', '15.10.1997', '24.09.1997', '1', '30.34', 'France restauration', '54, rue Royale', 'Nantes', NULL, '44', 'Frankreich'),
	('10672', 'BERGS', '9', '17.09.1997', '01.10.1997', '26.09.1997', '2', '95.75', 'Berglunds snabbköp', 'Berguvsvägen 8', 'Luleå', NULL, '0', 'Schweden'),
	('10673', 'WILMK', '2', '18.09.1997', '16.10.1997', '19.09.1997', '1', '22.76', 'Wilman Kala', 'Keskuskatu 45', 'Helsinki', NULL, '2124', 'Finnland'),
	('10674', 'ISLAT', '4', '18.09.1997', '16.10.1997', '30.09.1997', '2', '0.9', 'Island Trading', 'Garden House Crowther Way', 'Cowes', 'Isle of Wight', '0', 'Großbritannien'),
	('10675', 'FRANK', '5', '19.09.1997', '17.10.1997', '23.09.1997', '2', '31.85', 'Frankenversand', 'Berliner Platz 43', 'München', NULL, '80805', 'Deutschland'),
	('10676', 'TORTU', '2', '22.09.1997', '20.10.1997', '29.09.1997', '2', '2.01', 'Tortuga Restaurante', 'Avda. Azteca 123', 'México D.F.', NULL, '5033', 'Mexiko'),
	('10677', 'ANTON', '1', '22.09.1997', '20.10.1997', '26.09.1997', '3', '4.03', 'Antonio Moreno Taquería', 'Mataderos 2312', 'México D.F.', NULL, '5023', 'Mexiko'),
	('10678', 'SAVEA', '7', '23.09.1997', '21.10.1997', '16.10.1997', '3', '388.98', 'Save-a-lot Markets', '187 Suffolk Ln.', 'Boise', 'ID', '8372', 'USA'),
	('10679', 'BLONP', '8', '23.09.1997', '21.10.1997', '30.09.1997', '3', '27.94', 'Blondel père et fils', '24, place Kléber', 'Strasbourg', NULL, '67', 'Frankreich'),
	('10680', 'OLDWO', '1', '24.09.1997', '22.10.1997', '26.09.1997', '1', '26.61', 'Old World Delicatessen', '2743 Bering St.', 'Anchorage', 'AK', '99508', 'USA'),
	('10681', 'GREAL', '3', '25.09.1997', '23.10.1997', '30.09.1997', '3', '76.13', 'Great Lakes Food Market', '2732 Baker Blvd.', 'Eugene', 'OR', '97403', 'USA'),
	('10682', 'ANTON', '3', '25.09.1997', '23.10.1997', '01.10.1997', '2', '36.13', 'Antonio Moreno Taquería', 'Mataderos 2312', 'México D.F.', NULL, '5023', 'Mexiko'),
	('10683', 'DUMON', '2', '26.09.1997', '24.10.1997', '01.10.1997', '1', '4.4', 'Du monde entier', '67, rue des Cinquante Otages', 'Nantes', NULL, '44', 'Frankreich'),
	('10684', 'OTTIK', '3', '26.09.1997', '24.10.1997', '30.09.1997', '1', '145.63', 'Ottilies Käseladen', 'Mehrheimerstr. 369', 'Köln', NULL, '50739', 'Deutschland'),
	('10685', 'GOURL', '4', '29.09.1997', '13.10.1997', '03.10.1997', '2', '33.75', 'Gourmet Lanchonetes', 'Av. Brasil, 442', 'Campinas', 'SP', '4876', 'Brasilien'),
	('10686', 'PICCO', '2', '30.09.1997', '28.10.1997', '08.10.1997', '1', '96.5', 'Piccolo und mehr', 'Geislweg 14', 'Salzburg', NULL, '502', 'Österreich'),
	('10687', 'HUNGO', '9', '30.09.1997', '28.10.1997', '30.10.1997', '2', '296.43', 'Hungry Owl All-Night Grocers', '8 Johnstown Road', 'Cork', 'Co. Cork', NULL, 'Irland'),
	('10688', 'VAFFE', '4', '01.10.1997', '15.10.1997', '07.10.1997', '2', '299.09', 'Vaffeljernet', 'Smagsløget 45', 'Århus', NULL, '82', 'Dänemark'),
	('10689', 'BERGS', '1', '01.10.1997', '29.10.1997', '07.10.1997', '2', '13.42', 'Berglunds snabbköp', 'Berguvsvägen 8', 'Luleå', NULL, '0', 'Schweden'),
	('10690', 'HANAR', '1', '02.10.1997', '30.10.1997', '03.10.1997', '1', '15.8', 'Hanari Carnes', 'Rua do Paço, 67', 'Rio de Janeiro', 'RJ', '5454', 'Brasilien'),
	('10691', 'QUICK', '2', '03.10.1997', '14.11.1997', '22.10.1997', '2', '810.05', 'QUICK-Stop', 'Taucherstraße 10', 'Cunewalde', NULL, '1307', 'Deutschland'),
	('10692', 'ALFKI', '4', '03.10.1997', '31.10.1997', '13.10.1997', '2', '61.02', 'Alfred\'s Futterkiste', 'Obere Str. 57', 'Berlin', NULL, '12209', 'Deutschland'),
	('10693', 'WHITC', '3', '06.10.1997', '20.10.1997', '10.10.1997', '3', '139.34', 'White Clover Markets', '1029 - 12th Ave. S.', 'Seattle', 'WA', '98124', 'USA'),
	('10694', 'QUICK', '8', '06.10.1997', '03.11.1997', '09.10.1997', '3', '398.36', 'QUICK-Stop', 'Taucherstraße 10', 'Cunewalde', NULL, '1307', 'Deutschland'),
	('10695', 'WILMK', '7', '07.10.1997', '18.11.1997', '14.10.1997', '1', '16.72', 'Wilman Kala', 'Keskuskatu 45', 'Helsinki', NULL, '2124', 'Finnland'),
	('10696', 'WHITC', '8', '08.10.1997', '19.11.1997', '14.10.1997', '3', '102.55', 'White Clover Markets', '1029 - 12th Ave. S.', 'Seattle', 'WA', '98124', 'USA'),
	('10697', 'LINOD', '3', '08.10.1997', '05.11.1997', '14.10.1997', '1', '45.52', 'LINO-Delicateses', 'Ave. 5 de Mayo Porlamar', 'I. de Margarita', 'Nueva Esparta', '498', 'Venezuela'),
	('10698', 'ERNSH', '4', '09.10.1997', '06.11.1997', '17.10.1997', '1', '272.47', 'Ernst Handel', 'Kirchgasse 6', 'Graz', NULL, '801', 'Österreich'),
	('10699', 'MORGK', '3', '09.10.1997', '06.11.1997', '13.10.1997', '3', '0.58', 'Morgenstern Gesundkost', 'Heerstr. 22', 'Leipzig', NULL, '4179', 'Deutschland'),
	('10700', 'SAVEA', '3', '10.10.1997', '07.11.1997', '16.10.1997', '1', '65.1', 'Save-a-lot Markets', '187 Suffolk Ln.', 'Boise', 'ID', '8372', 'USA'),
	('10701', 'HUNGO', '6', '13.10.1997', '27.10.1997', '15.10.1997', '3', '220.31', 'Hungry Owl All-Night Grocers', '8 Johnstown Road', 'Cork', 'Co. Cork', NULL, 'Irland'),
	('10702', 'ALFKI', '4', '13.10.1997', '24.11.1997', '21.10.1997', '1', '23.94', 'Alfred\'s Futterkiste', 'Obere Str. 57', 'Berlin', NULL, '12209', 'Deutschland'),
	('10703', 'FOLKO', '6', '14.10.1997', '11.11.1997', '20.10.1997', '2', '152.3', 'Folk och fä HB', 'Åkergatan 24', 'Bräcke', NULL, '0', 'Schweden'),
	('10704', 'QUEEN', '6', '14.10.1997', '11.11.1997', '07.11.1997', '1', '4.78', 'Queen Cozinha', 'Alameda dos Canàrios, 891', 'São Paulo', 'SP', '5487', 'Brasilien'),
	('10705', 'HILAA', '9', '15.10.1997', '12.11.1997', '18.11.1997', '2', '3.52', 'HILARIÓN-Abastos', 'Carrera 22 con Ave. Carlos Soublette #8-35', 'San Cristóbal', 'Táchira', '5022', 'Venezuela'),
	('10706', 'OLDWO', '8', '16.10.1997', '13.11.1997', '21.10.1997', '3', '135.63', 'Old World Delicatessen', '2743 Bering St.', 'Anchorage', 'AK', '99508', 'USA'),
	('10707', 'AROUT', '4', '16.10.1997', '30.10.1997', '23.10.1997', '3', '21.74', 'Around the Horn', 'Brook Farm Stratford St. Mary', 'Colchester', 'Essex', '0', 'Großbritannien'),
	('10708', 'THEBI', '6', '17.10.1997', '28.11.1997', '05.11.1997', '2', '2.96', 'The Big Cheese', '89 Jefferson Way Suite 2', 'Portland', 'OR', '97201', 'USA'),
	('10709', 'GOURL', '1', '17.10.1997', '14.11.1997', '20.11.1997', '3', '210.8', 'Gourmet Lanchonetes', 'Av. Brasil, 442', 'Campinas', 'SP', '4876', 'Brasilien'),
	('10710', 'FRANS', '1', '20.10.1997', '17.11.1997', '23.10.1997', '1', '4.98', 'Franchi S.p.A.', 'Via Monte Bianco 34', 'Torino', NULL, '101', 'Italien'),
	('10711', 'SAVEA', '5', '21.10.1997', '02.12.1997', '29.10.1997', '2', '52.41', 'Save-a-lot Markets', '187 Suffolk Ln.', 'Boise', 'ID', '8372', 'USA'),
	('10712', 'HUNGO', '3', '21.10.1997', '18.11.1997', '31.10.1997', '1', '89.93', 'Hungry Owl All-Night Grocers', '8 Johnstown Road', 'Cork', 'Co. Cork', NULL, 'Irland'),
	('10713', 'SAVEA', '1', '22.10.1997', '19.11.1997', '24.10.1997', '1', '167.05', 'Save-a-lot Markets', '187 Suffolk Ln.', 'Boise', 'ID', '8372', 'USA'),
	('10714', 'SAVEA', '5', '22.10.1997', '19.11.1997', '27.10.1997', '3', '24.49', 'Save-a-lot Markets', '187 Suffolk Ln.', 'Boise', 'ID', '8372', 'USA'),
	('10715', 'BONAP', '3', '23.10.1997', '06.11.1997', '29.10.1997', '1', '63.2', 'Bon app\'', '12, rue des Bouchers', 'Marseille', NULL, '13008', 'Frankreich'),
	('10716', 'RANCH', '4', '24.10.1997', '21.11.1997', '27.10.1997', '2', '22.57', 'Rancho grande', 'Av. del Libertador 900', 'Buenos Aires', NULL, '101', 'Argentinien'),
	('10717', 'FRANK', '1', '24.10.1997', '21.11.1997', '29.10.1997', '2', '59.25', 'Frankenversand', 'Berliner Platz 43', 'München', NULL, '80805', 'Deutschland'),
	('10718', 'KOENE', '1', '27.10.1997', '24.11.1997', '29.10.1997', '3', '170.88', 'Königlich Essen', 'Maubelstr. 90', 'Brandenburg', NULL, '14776', 'Deutschland'),
	('10719', 'LETSS', '8', '27.10.1997', '24.11.1997', '05.11.1997', '2', '51.44', 'Let\'s Stop N Shop', '87 Polk St. Suite 5', 'San Francisco', 'CA', '94117', 'USA'),
	('10720', 'QUEDE', '8', '28.10.1997', '11.11.1997', '05.11.1997', '2', '9.53', 'Que Delícia', 'Rua da Panificadora, 12', 'Rio de Janeiro', 'RJ', '2389', 'Brasilien'),
	('10721', 'QUICK', '5', '29.10.1997', '26.11.1997', '31.10.1997', '3', '48.92', 'QUICK-Stop', 'Taucherstraße 10', 'Cunewalde', NULL, '1307', 'Deutschland'),
	('10722', 'SAVEA', '8', '29.10.1997', '10.12.1997', '04.11.1997', '1', '74.58', 'Save-a-lot Markets', '187 Suffolk Ln.', 'Boise', 'ID', '8372', 'USA'),
	('10723', 'WHITC', '3', '30.10.1997', '27.11.1997', '25.11.1997', '1', '21.72', 'White Clover Markets', '1029 - 12th Ave. S.', 'Seattle', 'WA', '98124', 'USA'),
	('10724', 'MEREP', '8', '30.10.1997', '11.12.1997', '05.11.1997', '2', '57.75', 'Mère Paillarde', '43 rue St. Laurent', 'Montréal', 'Québec', '0', 'Kanada'),
	('10725', 'FAMIA', '4', '31.10.1997', '28.11.1997', '05.11.1997', '3', '10.83', 'Familia Arquibaldo', 'Rua Orós, 92', 'São Paulo', 'SP', '5442', 'Brasilien'),
	('10726', 'EASTC', '4', '03.11.1997', '17.11.1997', '05.12.1997', '1', '16.56', 'Eastern Connection', '35 King George', 'London', NULL, '0', 'Großbritannien'),
	('10727', 'REGGC', '2', '03.11.1997', '01.12.1997', '05.12.1997', '1', '89.9', 'Reggiani Caseifici', 'Strada Provinciale 124', 'Reggio Emilia', NULL, '421', 'Italien'),
	('10728', 'QUEEN', '4', '04.11.1997', '02.12.1997', '11.11.1997', '2', '58.33', 'Queen Cozinha', 'Alameda dos Canàrios, 891', 'São Paulo', 'SP', '5487', 'Brasilien'),
	('10729', 'LINOD', '8', '04.11.1997', '16.12.1997', '14.11.1997', '3', '141.06', 'LINO-Delicateses', 'Ave. 5 de Mayo Porlamar', 'I. de Margarita', 'Nueva Esparta', '498', 'Venezuela'),
	('10730', 'BONAP', '5', '05.11.1997', '03.12.1997', '14.11.1997', '1', '20.12', 'Bon app\'', '12, rue des Bouchers', 'Marseille', NULL, '13008', 'Frankreich'),
	('10731', 'CHOPS', '7', '06.11.1997', '04.12.1997', '14.11.1997', '1', '96.65', 'Chop-suey Chinese', 'Hauptstr. 31', 'Bern', NULL, '3012', 'Schweiz'),
	('10732', 'BONAP', '3', '06.11.1997', '04.12.1997', '07.11.1997', '1', '16.97', 'Bon app\'', '12, rue des Bouchers', 'Marseille', NULL, '13008', 'Frankreich'),
	('10733', 'BERGS', '1', '07.11.1997', '05.12.1997', '10.11.1997', '3', '110.11', 'Berglunds snabbköp', 'Berguvsvägen 8', 'Luleå', NULL, '0', 'Schweden'),
	('10734', 'GOURL', '2', '07.11.1997', '05.12.1997', '12.11.1997', '3', '1.63', 'Gourmet Lanchonetes', 'Av. Brasil, 442', 'Campinas', 'SP', '4876', 'Brasilien'),
	('10735', 'LETSS', '6', '10.11.1997', '08.12.1997', '21.11.1997', '2', '45.97', 'Let\'s Stop N Shop', '87 Polk St. Suite 5', 'San Francisco', 'CA', '94117', 'USA'),
	('10736', 'HUNGO', '9', '11.11.1997', '09.12.1997', '21.11.1997', '2', '44.1', 'Hungry Owl All-Night Grocers', '8 Johnstown Road', 'Cork', 'Co. Cork', NULL, 'Irland'),
	('10737', 'VINET', '2', '11.11.1997', '09.12.1997', '18.11.1997', '2', '7.79', 'Vins et alcools Chevalier', '59 rue de l\'Abbaye', 'Reims', NULL, '511', 'Frankreich'),
	('10738', 'SPECD', '2', '12.11.1997', '10.12.1997', '18.11.1997', '1', '2.91', 'Spécialités du monde', '25, rue Lauriston', 'Paris', NULL, '75016', 'Frankreich'),
	('10739', 'VINET', '3', '12.11.1997', '10.12.1997', '17.11.1997', '3', '11.08', 'Vins et alcools Chevalier', '59 rue de l\'Abbaye', 'Reims', NULL, '511', 'Frankreich'),
	('10740', 'WHITC', '4', '13.11.1997', '11.12.1997', '25.11.1997', '2', '81.88', 'White Clover Markets', '1029 - 12th Ave. S.', 'Seattle', 'WA', '98124', 'USA'),
	('10741', 'AROUT', '4', '14.11.1997', '28.11.1997', '18.11.1997', '3', '10.96', 'Around the Horn', 'Brook Farm Stratford St. Mary', 'Colchester', 'Essex', '0', 'Großbritannien'),
	('10742', 'BOTTM', '3', '14.11.1997', '12.12.1997', '18.11.1997', '3', '243.73', 'Bottom-Dollar Markets', '23 Tsawassen Blvd.', 'Tsawassen', 'BC', '0', 'Kanada'),
	('10743', 'AROUT', '1', '17.11.1997', '15.12.1997', '21.11.1997', '2', '23.72', 'Around the Horn', 'Brook Farm Stratford St. Mary', 'Colchester', 'Essex', '0', 'Großbritannien'),
	('10744', 'VAFFE', '6', '17.11.1997', '15.12.1997', '24.11.1997', '1', '69.19', 'Vaffeljernet', 'Smagsløget 45', 'Århus', NULL, '82', 'Dänemark'),
	('10745', 'QUICK', '9', '18.11.1997', '16.12.1997', '27.11.1997', '1', '3.52', 'QUICK-Stop', 'Taucherstraße 10', 'Cunewalde', NULL, '1307', 'Deutschland'),
	('10746', 'CHOPS', '1', '19.11.1997', '17.12.1997', '21.11.1997', '3', '31.43', 'Chop-suey Chinese', 'Hauptstr. 31', 'Bern', NULL, '3012', 'Schweiz'),
	('10747', 'PICCO', '6', '19.11.1997', '17.12.1997', '26.11.1997', '1', '117.33', 'Piccolo und mehr', 'Geislweg 14', 'Salzburg', NULL, '502', 'Österreich'),
	('10748', 'SAVEA', '3', '20.11.1997', '18.12.1997', '28.11.1997', '1', '232.55', 'Save-a-lot Markets', '187 Suffolk Ln.', 'Boise', 'ID', '8372', 'USA'),
	('10749', 'ISLAT', '4', '20.11.1997', '18.12.1997', '19.12.1997', '2', '61.53', 'Island Trading', 'Garden House Crowther Way', 'Cowes', 'Isle of Wight', '0', 'Großbritannien'),
	('10750', 'WARTH', '9', '21.11.1997', '19.12.1997', '24.11.1997', '1', '79.3', 'Wartian Herkku', 'Torikatu 38', 'Oulu', NULL, '9011', 'Finnland'),
	('10751', 'RICSU', '3', '24.11.1997', '22.12.1997', '03.12.1997', '3', '130.79', 'Richter Supermarkt', 'Starenweg 5', 'Genève', NULL, '1204', 'Schweiz'),
	('10752', 'NORTS', '2', '24.11.1997', '22.12.1997', '28.11.1997', '3', '1.39', 'North/South', 'South House 300 Queensbridge', 'London', NULL, '0', 'Großbritannien'),
	('10753', 'FRANS', '3', '25.11.1997', '23.12.1997', '27.11.1997', '1', '7.7', 'Franchi S.p.A.', 'Via Monte Bianco 34', 'Torino', NULL, '101', 'Italien'),
	('10754', 'MAGAA', '6', '25.11.1997', '23.12.1997', '27.11.1997', '3', '2.38', 'Magazzini Alimentari Riuniti', 'Via Ludovico il Moro 22', 'Bergamo', NULL, '241', 'Italien'),
	('10755', 'BONAP', '4', '26.11.1997', '24.12.1997', '28.11.1997', '2', '16.71', 'Bon app\'', '12, rue des Bouchers', 'Marseille', NULL, '13008', 'Frankreich'),
	('10756', 'SPLIR', '8', '27.11.1997', '25.12.1997', '02.12.1997', '2', '73.21', 'Split Rail Beer & Ale', 'P.O. Box 555', 'Lander', 'WY', '8252', 'USA'),
	('10757', 'SAVEA', '6', '27.11.1997', '25.12.1997', '15.12.1997', '1', '8.19', 'Save-a-lot Markets', '187 Suffolk Ln.', 'Boise', 'ID', '8372', 'USA'),
	('10758', 'RICSU', '3', '28.11.1997', '26.12.1997', '04.12.1997', '3', '138.17', 'Richter Supermarkt', 'Starenweg 5', 'Genève', NULL, '1204', 'Schweiz'),
	('10759', 'ANATR', '3', '28.11.1997', '26.12.1997', '12.12.1997', '3', '11.99', 'Ana Trujillo Emparedados y helados', 'Avda. de la Constitución 2222', 'México D.F.', NULL, '5021', 'Mexiko'),
	('10760', 'MAISD', '4', '01.12.1997', '29.12.1997', '10.12.1997', '1', '155.64', 'Maison Dewey', 'Rue Joseph-Bens 532', 'Bruxelles', NULL, '0', 'Belgien'),
	('10761', 'RATTC', '5', '02.12.1997', '30.12.1997', '08.12.1997', '2', '18.66', 'Rattlesnake Canyon Grocery', '2817 Milton Dr.', 'Albuquerque', 'NM', '8711', 'USA'),
	('10762', 'FOLKO', '3', '02.12.1997', '30.12.1997', '09.12.1997', '1', '328.74', 'Folk och fä HB', 'Åkergatan 24', 'Bräcke', NULL, '0', 'Schweden'),
	('10763', 'FOLIG', '3', '03.12.1997', '31.12.1997', '08.12.1997', '3', '37.35', 'Folies gourmandes', '184, chaussée de Tournai', 'Lille', NULL, '59', 'Frankreich'),
	('10764', 'ERNSH', '6', '03.12.1997', '31.12.1997', '08.12.1997', '3', '145.45', 'Ernst Handel', 'Kirchgasse 6', 'Graz', NULL, '801', 'Österreich'),
	('10765', 'QUICK', '3', '04.12.1997', '01.01.1998', '09.12.1997', '3', '42.74', 'QUICK-Stop', 'Taucherstraße 10', 'Cunewalde', NULL, '1307', 'Deutschland'),
	('10766', 'OTTIK', '4', '05.12.1997', '02.01.1998', '09.12.1997', '1', '157.55', 'Ottilies Käseladen', 'Mehrheimerstr. 369', 'Köln', NULL, '50739', 'Deutschland'),
	('10767', 'SUPRD', '4', '05.12.1997', '02.01.1998', '15.12.1997', '3', '1.59', 'Suprêmes délices', 'Boulevard Tirou, 255', 'Charleroi', NULL, '0', 'Belgien'),
	('10768', 'AROUT', '3', '08.12.1997', '05.01.1998', '15.12.1997', '2', '146.32', 'Around the Horn', 'Brook Farm Stratford St. Mary', 'Colchester', 'Essex', '0', 'Großbritannien'),
	('10769', 'VAFFE', '3', '08.12.1997', '05.01.1998', '12.12.1997', '1', '65.06', 'Vaffeljernet', 'Smagsløget 45', 'Århus', NULL, '82', 'Dänemark'),
	('10770', 'HANAR', '8', '09.12.1997', '06.01.1998', '17.12.1997', '3', '5.32', 'Hanari Carnes', 'Rua do Paço, 67', 'Rio de Janeiro', 'RJ', '5454', 'Brasilien'),
	('10771', 'ERNSH', '9', '10.12.1997', '07.01.1998', '02.01.1998', '2', '11.19', 'Ernst Handel', 'Kirchgasse 6', 'Graz', NULL, '801', 'Österreich'),
	('10772', 'LEHMS', '3', '10.12.1997', '07.01.1998', '19.12.1997', '2', '91.28', 'Lehmanns Marktstand', 'Magazinweg 7', 'Frankfurt a.M.', NULL, '60528', 'Deutschland'),
	('10773', 'ERNSH', '1', '11.12.1997', '08.01.1998', '16.12.1997', '3', '96.43', 'Ernst Handel', 'Kirchgasse 6', 'Graz', NULL, '801', 'Österreich'),
	('10774', 'FOLKO', '4', '11.12.1997', '25.12.1997', '12.12.1997', '1', '48.2', 'Folk och fä HB', 'Åkergatan 24', 'Bräcke', NULL, '0', 'Schweden'),
	('10775', 'THECR', '7', '12.12.1997', '09.01.1998', '26.12.1997', '1', '20.25', 'The Cracker Box', '55 Grizzly Peak Rd.', 'Butte', 'MT', '59801', 'USA'),
	('10776', 'ERNSH', '1', '15.12.1997', '12.01.1998', '18.12.1997', '3', '351.53', 'Ernst Handel', 'Kirchgasse 6', 'Graz', NULL, '801', 'Österreich'),
	('10777', 'GOURL', '7', '15.12.1997', '29.12.1997', '21.01.1998', '2', '3.01', 'Gourmet Lanchonetes', 'Av. Brasil, 442', 'Campinas', 'SP', '4876', 'Brasilien'),
	('10778', 'BERGS', '3', '16.12.1997', '13.01.1998', '24.12.1997', '1', '6.79', 'Berglunds snabbköp', 'Berguvsvägen 8', 'Luleå', NULL, '0', 'Schweden'),
	('10779', 'MORGK', '3', '16.12.1997', '13.01.1998', '14.01.1998', '2', '58.13', 'Morgenstern Gesundkost', 'Heerstr. 22', 'Leipzig', NULL, '4179', 'Deutschland'),
	('10780', 'LILAS', '2', '16.12.1997', '30.12.1997', '25.12.1997', '1', '42.13', 'LILA-Supermercado', 'Carrera 52 con Ave. Bolívar #65-98 Llano Largo', 'Barquisimeto', 'Lara', '3508', 'Venezuela'),
	('10781', 'WARTH', '2', '17.12.1997', '14.01.1998', '19.12.1997', '3', '73.16', 'Wartian Herkku', 'Torikatu 38', 'Oulu', NULL, '9011', 'Finnland'),
	('10782', 'CACTU', '9', '17.12.1997', '14.01.1998', '22.12.1997', '3', '1.1', 'Cactus Comidas para llevar', 'Cerrito 333', 'Buenos Aires', NULL, '101', 'Argentinien'),
	('10783', 'HANAR', '4', '18.12.1997', '15.01.1998', '19.12.1997', '2', '124.98', 'Hanari Carnes', 'Rua do Paço, 67', 'Rio de Janeiro', 'RJ', '5454', 'Brasilien'),
	('10784', 'MAGAA', '4', '18.12.1997', '15.01.1998', '22.12.1997', '3', '70.09', 'Magazzini Alimentari Riuniti', 'Via Ludovico il Moro 22', 'Bergamo', NULL, '241', 'Italien'),
	('10785', 'GROSR', '1', '18.12.1997', '15.01.1998', '24.12.1997', '3', '1.51', 'GROSELLA-Restaurante', '5ª Ave. Los Palos Grandes', 'Caracas', 'DF', '1081', 'Venezuela'),
	('10786', 'QUEEN', '8', '19.12.1997', '16.01.1998', '23.12.1997', '1', '110.87', 'Queen Cozinha', 'Alameda dos Canàrios, 891', 'São Paulo', 'SP', '5487', 'Brasilien'),
	('10787', 'LAMAI', '2', '19.12.1997', '02.01.1998', '26.12.1997', '1', '249.93', 'La maison d\'Asie', '1 rue Alsace-Lorraine', 'Toulouse', NULL, '31', 'Frankreich'),
	('10788', 'QUICK', '1', '22.12.1997', '19.01.1998', '19.01.1998', '2', '42.7', 'QUICK-Stop', 'Taucherstraße 10', 'Cunewalde', NULL, '1307', 'Deutschland'),
	('10789', 'FOLIG', '1', '22.12.1997', '19.01.1998', '31.12.1997', '2', '100.6', 'Folies gourmandes', '184, chaussée de Tournai', 'Lille', NULL, '59', 'Frankreich'),
	('10790', 'GOURL', '6', '22.12.1997', '19.01.1998', '26.12.1997', '1', '28.23', 'Gourmet Lanchonetes', 'Av. Brasil, 442', 'Campinas', 'SP', '4876', 'Brasilien'),
	('10791', 'FRANK', '6', '23.12.1997', '20.01.1998', '01.01.1998', '2', '16.85', 'Frankenversand', 'Berliner Platz 43', 'München', NULL, '80805', 'Deutschland'),
	('10792', 'WOLZA', '1', '23.12.1997', '20.01.1998', '31.12.1997', '3', '23.79', 'Wolski Zajazd', 'ul. Filtrowa 68', 'Warszawa', NULL, '1', 'Polen'),
	('10793', 'AROUT', '3', '24.12.1997', '21.01.1998', '08.01.1998', '3', '4.52', 'Around the Horn', 'Brook Farm Stratford St. Mary', 'Colchester', 'Essex', '0', 'Großbritannien'),
	('10794', 'QUEDE', '6', '24.12.1997', '21.01.1998', '02.01.1998', '1', '21.49', 'Que Delícia', 'Rua da Panificadora, 12', 'Rio de Janeiro', 'RJ', '2389', 'Brasilien'),
	('10795', 'ERNSH', '8', '24.12.1997', '21.01.1998', '20.01.1998', '2', '126.66', 'Ernst Handel', 'Kirchgasse 6', 'Graz', NULL, '801', 'Österreich'),
	('10796', 'HILAA', '3', '25.12.1997', '22.01.1998', '14.01.1998', '1', '26.52', 'HILARIÓN-Abastos', 'Carrera 22 con Ave. Carlos Soublette #8-35', 'San Cristóbal', 'Táchira', '5022', 'Venezuela'),
	('10797', 'DRACD', '7', '25.12.1997', '22.01.1998', '05.01.1998', '2', '33.35', 'Drachenblut Delikatessen', 'Walserweg 21', 'Aachen', NULL, '52066', 'Deutschland'),
	('10798', 'ISLAT', '2', '26.12.1997', '23.01.1998', '05.01.1998', '1', '2.33', 'Island Trading', 'Garden House Crowther Way', 'Cowes', 'Isle of Wight', '0', 'Großbritannien'),
	('10799', 'KOENE', '9', '26.12.1997', '06.02.1998', '05.01.1998', '3', '30.76', 'Königlich Essen', 'Maubelstr. 90', 'Brandenburg', NULL, '14776', 'Deutschland'),
	('10800', 'SEVES', '1', '26.12.1997', '23.01.1998', '05.01.1998', '3', '137.44', 'Seven Seas Imports', '90 Wadhurst Rd.', 'London', NULL, '0', 'Großbritannien'),
	('10801', 'BOLID', '4', '29.12.1997', '26.01.1998', '31.12.1997', '2', '97.09', 'Bólido Comidas preparadas', 'C/ Araquil, 67', 'Madrid', NULL, '28023', 'Spanien'),
	('10802', 'SIMOB', '4', '29.12.1997', '26.01.1998', '02.01.1998', '2', '257.26', 'Simons bistro', 'Vinbæltet 34', 'København', NULL, '1734', 'Dänemark'),
	('10803', 'WELLI', '4', '30.12.1997', '27.01.1998', '06.01.1998', '1', '55.23', 'Wellington Importadora', 'Rua do Mercado, 12', 'Resende', 'SP', '8737', 'Brasilien'),
	('10804', 'SEVES', '6', '30.12.1997', '27.01.1998', '07.01.1998', '2', '27.33', 'Seven Seas Imports', '90 Wadhurst Rd.', 'London', NULL, '0', 'Großbritannien'),
	('10805', 'THEBI', '2', '30.12.1997', '27.01.1998', '09.01.1998', '3', '237.34', 'The Big Cheese', '89 Jefferson Way Suite 2', 'Portland', 'OR', '97201', 'USA'),
	('10806', 'VICTE', '3', '31.12.1997', '28.01.1998', '05.01.1998', '2', '22.11', 'Victuailles en stock', '2, rue du Commerce', 'Lyon', NULL, '69004', 'Frankreich'),
	('10807', 'FRANS', '4', '31.12.1997', '28.01.1998', '30.01.1998', '1', '1.36', 'Franchi S.p.A.', 'Via Monte Bianco 34', 'Torino', NULL, '101', 'Italien'),
	('10808', 'OLDWO', '2', '01.01.1998', '29.01.1998', '09.01.1998', '3', '45.53', 'Old World Delicatessen', '2743 Bering St.', 'Anchorage', 'AK', '99508', 'USA'),
	('10809', 'WELLI', '7', '01.01.1998', '29.01.1998', '07.01.1998', '1', '4.87', 'Wellington Importadora', 'Rua do Mercado, 12', 'Resende', 'SP', '8737', 'Brasilien'),
	('10810', 'LAUGB', '2', '01.01.1998', '29.01.1998', '07.01.1998', '3', '4.33', 'Laughing Bacchus Wine Cellars', '2319 Elm St.', 'Vancouver', 'BC', '0', 'Kanada'),
	('10811', 'LINOD', '8', '02.01.1998', '30.01.1998', '08.01.1998', '1', '31.22', 'LINO-Delicateses', 'Ave. 5 de Mayo Porlamar', 'I. de Margarita', 'Nueva Esparta', '498', 'Venezuela'),
	('10812', 'REGGC', '5', '02.01.1998', '30.01.1998', '12.01.1998', '1', '59.78', 'Reggiani Caseifici', 'Strada Provinciale 124', 'Reggio Emilia', NULL, '421', 'Italien'),
	('10813', 'RICAR', '1', '05.01.1998', '02.02.1998', '09.01.1998', '1', '47.38', 'Ricardo Adocicados', 'Av. Copacabana, 267', 'Rio de Janeiro', 'RJ', '2389', 'Brasilien'),
	('10814', 'VICTE', '3', '05.01.1998', '02.02.1998', '14.01.1998', '3', '130.94', 'Victuailles en stock', '2, rue du Commerce', 'Lyon', NULL, '69004', 'Frankreich'),
	('10815', 'SAVEA', '2', '05.01.1998', '02.02.1998', '14.01.1998', '3', '14.62', 'Save-a-lot Markets', '187 Suffolk Ln.', 'Boise', 'ID', '8372', 'USA'),
	('10816', 'GREAL', '4', '06.01.1998', '03.02.1998', '04.02.1998', '2', '719.78', 'Great Lakes Food Market', '2732 Baker Blvd.', 'Eugene', 'OR', '97403', 'USA'),
	('10817', 'KOENE', '3', '06.01.1998', '20.01.1998', '13.01.1998', '2', '306.07', 'Königlich Essen', 'Maubelstr. 90', 'Brandenburg', NULL, '14776', 'Deutschland'),
	('10818', 'MAGAA', '7', '07.01.1998', '04.02.1998', '12.01.1998', '3', '65.48', 'Magazzini Alimentari Riuniti', 'Via Ludovico il Moro 22', 'Bergamo', NULL, '241', 'Italien'),
	('10819', 'CACTU', '2', '07.01.1998', '04.02.1998', '16.01.1998', '3', '19.76', 'Cactus Comidas para llevar', 'Cerrito 333', 'Buenos Aires', NULL, '101', 'Argentinien'),
	('10820', 'RATTC', '3', '07.01.1998', '04.02.1998', '13.01.1998', '2', '37.52', 'Rattlesnake Canyon Grocery', '2817 Milton Dr.', 'Albuquerque', 'NM', '8711', 'USA'),
	('10821', 'SPLIR', '1', '08.01.1998', '05.02.1998', '15.01.1998', '1', '36.68', 'Split Rail Beer & Ale', 'P.O. Box 555', 'Lander', 'WY', '8252', 'USA'),
	('10822', 'TRAIH', '6', '08.01.1998', '05.02.1998', '16.01.1998', '3', '7', 'Trail\'s Head Gourmet Provisioners', '722 DaVinci Blvd.', 'Kirkland', 'WA', '98034', 'USA'),
	('10823', 'LILAS', '5', '09.01.1998', '06.02.1998', '13.01.1998', '2', '163.97', 'LILA-Supermercado', 'Carrera 52 con Ave. Bolívar #65-98 Llano Largo', 'Barquisimeto', 'Lara', '3508', 'Venezuela'),
	('10824', 'FOLKO', '8', '09.01.1998', '06.02.1998', '30.01.1998', '1', '1.23', 'Folk och fä HB', 'Åkergatan 24', 'Bräcke', NULL, '0', 'Schweden'),
	('10825', 'DRACD', '1', '09.01.1998', '06.02.1998', '14.01.1998', '1', '79.25', 'Drachenblut Delikatessen', 'Walserweg 21', 'Aachen', NULL, '52066', 'Deutschland'),
	('10826', 'BLONP', '6', '12.01.1998', '09.02.1998', '06.02.1998', '1', '7.09', 'Blondel père et fils', '24, place Kléber', 'Strasbourg', NULL, '67', 'Frankreich'),
	('10827', 'BONAP', '1', '12.01.1998', '26.01.1998', '06.02.1998', '2', '63.54', 'Bon app\'', '12, rue des Bouchers', 'Marseille', NULL, '13008', 'Frankreich'),
	('10828', 'RANCH', '9', '13.01.1998', '27.01.1998', '04.02.1998', '1', '90.85', 'Rancho grande', 'Av. del Libertador 900', 'Buenos Aires', NULL, '101', 'Argentinien'),
	('10829', 'ISLAT', '9', '13.01.1998', '10.02.1998', '23.01.1998', '1', '154.72', 'Island Trading', 'Garden House Crowther Way', 'Cowes', 'Isle of Wight', '0', 'Großbritannien'),
	('10830', 'TRADH', '4', '13.01.1998', '24.02.1998', '21.01.1998', '2', '81.83', 'Tradição Hipermercados', 'Av. Inês de Castro, 414', 'São Paulo', 'SP', '5634', 'Brasilien'),
	('10831', 'SANTG', '3', '14.01.1998', '11.02.1998', '23.01.1998', '2', '72.19', 'Santé Gourmet', 'Erling Skakkes gate 78', 'Stavern', NULL, '411', 'Norwegen'),
	('10832', 'LAMAI', '2', '14.01.1998', '11.02.1998', '19.01.1998', '2', '43.26', 'La maison d\'Asie', '1 rue Alsace-Lorraine', 'Toulouse', NULL, '31', 'Frankreich'),
	('10833', 'OTTIK', '6', '15.01.1998', '12.02.1998', '23.01.1998', '2', '71.49', 'Ottilies Käseladen', 'Mehrheimerstr. 369', 'Köln', NULL, '50739', 'Deutschland'),
	('10834', 'TRADH', '1', '15.01.1998', '12.02.1998', '19.01.1998', '3', '29.78', 'Tradição Hipermercados', 'Av. Inês de Castro, 414', 'São Paulo', 'SP', '5634', 'Brasilien'),
	('10835', 'ALFKI', '1', '15.01.1998', '12.02.1998', '21.01.1998', '3', '69.53', 'Alfred\'s Futterkiste', 'Obere Str. 57', 'Berlin', NULL, '12209', 'Deutschland'),
	('10836', 'ERNSH', '7', '16.01.1998', '13.02.1998', '21.01.1998', '1', '411.88', 'Ernst Handel', 'Kirchgasse 6', 'Graz', NULL, '801', 'Österreich'),
	('10837', 'BERGS', '9', '16.01.1998', '13.02.1998', '23.01.1998', '3', '13.32', 'Berglunds snabbköp', 'Berguvsvägen 8', 'Luleå', NULL, '0', 'Schweden'),
	('10838', 'LINOD', '3', '19.01.1998', '16.02.1998', '23.01.1998', '3', '59.28', 'LINO-Delicateses', 'Ave. 5 de Mayo Porlamar', 'I. de Margarita', 'Nueva Esparta', '498', 'Venezuela'),
	('10839', 'TRADH', '3', '19.01.1998', '16.02.1998', '22.01.1998', '3', '35.43', 'Tradição Hipermercados', 'Av. Inês de Castro, 414', 'São Paulo', 'SP', '5634', 'Brasilien'),
	('10840', 'LINOD', '4', '19.01.1998', '02.03.1998', '16.02.1998', '2', '2.71', 'LINO-Delicateses', 'Ave. 5 de Mayo Porlamar', 'I. de Margarita', 'Nueva Esparta', '498', 'Venezuela'),
	('10841', 'SUPRD', '5', '20.01.1998', '17.02.1998', '29.01.1998', '2', '424.3', 'Suprêmes délices', 'Boulevard Tirou, 255', 'Charleroi', NULL, '0', 'Belgien'),
	('10842', 'TORTU', '1', '20.01.1998', '17.02.1998', '29.01.1998', '3', '54.42', 'Tortuga Restaurante', 'Avda. Azteca 123', 'México D.F.', NULL, '5033', 'Mexiko'),
	('10843', 'VICTE', '4', '21.01.1998', '18.02.1998', '26.01.1998', '2', '9.26', 'Victuailles en stock', '2, rue du Commerce', 'Lyon', NULL, '69004', 'Frankreich'),
	('10844', 'PICCO', '8', '21.01.1998', '18.02.1998', '26.01.1998', '2', '25.22', 'Piccolo und mehr', 'Geislweg 14', 'Salzburg', NULL, '502', 'Österreich'),
	('10845', 'QUICK', '8', '21.01.1998', '04.02.1998', '30.01.1998', '1', '212.98', 'QUICK-Stop', 'Taucherstraße 10', 'Cunewalde', NULL, '1307', 'Deutschland'),
	('10846', 'SUPRD', '2', '22.01.1998', '05.03.1998', '23.01.1998', '3', '56.46', 'Suprêmes délices', 'Boulevard Tirou, 255', 'Charleroi', NULL, '0', 'Belgien'),
	('10847', 'SAVEA', '4', '22.01.1998', '05.02.1998', '10.02.1998', '3', '487.57', 'Save-a-lot Markets', '187 Suffolk Ln.', 'Boise', 'ID', '8372', 'USA'),
	('10848', 'CONSH', '7', '23.01.1998', '20.02.1998', '29.01.1998', '2', '38.24', 'Consolidated Holdings', 'Berkeley Gardens 12 Brewery', 'London', NULL, '0', 'Großbritannien'),
	('10849', 'KOENE', '9', '23.01.1998', '20.02.1998', '30.01.1998', '2', '0.56', 'Königlich Essen', 'Maubelstr. 90', 'Brandenburg', NULL, '14776', 'Deutschland'),
	('10850', 'VICTE', '1', '23.01.1998', '06.03.1998', '30.01.1998', '1', '49.19', 'Victuailles en stock', '2, rue du Commerce', 'Lyon', NULL, '69004', 'Frankreich'),
	('10851', 'RICAR', '5', '26.01.1998', '23.02.1998', '02.02.1998', '1', '160.55', 'Ricardo Adocicados', 'Av. Copacabana, 267', 'Rio de Janeiro', 'RJ', '2389', 'Brasilien'),
	('10852', 'RATTC', '8', '26.01.1998', '09.02.1998', '30.01.1998', '1', '174.05', 'Rattlesnake Canyon Grocery', '2817 Milton Dr.', 'Albuquerque', 'NM', '8711', 'USA'),
	('10853', 'BLAUS', '9', '27.01.1998', '24.02.1998', '03.02.1998', '2', '53.83', 'Blauer See Delikatessen', 'Forsterstr. 57', 'Mannheim', NULL, '68306', 'Deutschland'),
	('10854', 'ERNSH', '3', '27.01.1998', '24.02.1998', '05.02.1998', '2', '100.22', 'Ernst Handel', 'Kirchgasse 6', 'Graz', NULL, '801', 'Österreich'),
	('10855', 'OLDWO', '3', '27.01.1998', '24.02.1998', '04.02.1998', '1', '170.97', 'Old World Delicatessen', '2743 Bering St.', 'Anchorage', 'AK', '99508', 'USA'),
	('10856', 'ANTON', '3', '28.01.1998', '25.02.1998', '10.02.1998', '2', '58.43', 'Antonio Moreno Taquería', 'Mataderos 2312', 'México D.F.', NULL, '5023', 'Mexiko'),
	('10857', 'BERGS', '8', '28.01.1998', '25.02.1998', '06.02.1998', '2', '188.85', 'Berglunds snabbköp', 'Berguvsvägen 8', 'Luleå', NULL, '0', 'Schweden'),
	('10858', 'LACOR', '2', '29.01.1998', '26.02.1998', '03.02.1998', '1', '52.51', 'La corne d\'abondance', '67, avenue de l\'Europe', 'Versailles', NULL, '78', 'Frankreich'),
	('10859', 'FRANK', '1', '29.01.1998', '26.02.1998', '02.02.1998', '2', '76.1', 'Frankenversand', 'Berliner Platz 43', 'München', NULL, '80805', 'Deutschland'),
	('10860', 'FRANR', '3', '29.01.1998', '26.02.1998', '04.02.1998', '3', '19.26', 'France restauration', '54, rue Royale', 'Nantes', NULL, '44', 'Frankreich'),
	('10861', 'WHITC', '4', '30.01.1998', '27.02.1998', '17.02.1998', '2', '14.93', 'White Clover Markets', '1029 - 12th Ave. S.', 'Seattle', 'WA', '98124', 'USA'),
	('10862', 'LEHMS', '8', '30.01.1998', '13.03.1998', '02.02.1998', '2', '53.23', 'Lehmanns Marktstand', 'Magazinweg 7', 'Frankfurt a.M.', NULL, '60528', 'Deutschland'),
	('10863', 'HILAA', '4', '02.02.1998', '02.03.1998', '17.02.1998', '2', '30.26', 'HILARIÓN-Abastos', 'Carrera 22 con Ave. Carlos Soublette #8-35', 'San Cristóbal', 'Táchira', '5022', 'Venezuela'),
	('10864', 'AROUT', '4', '02.02.1998', '02.03.1998', '09.02.1998', '2', '3.04', 'Around the Horn', 'Brook Farm Stratford St. Mary', 'Colchester', 'Essex', '0', 'Großbritannien'),
	('10865', 'QUICK', '2', '02.02.1998', '16.02.1998', '12.02.1998', '1', '348.14', 'QUICK-Stop', 'Taucherstraße 10', 'Cunewalde', NULL, '1307', 'Deutschland'),
	('10866', 'BERGS', '5', '03.02.1998', '03.03.1998', '12.02.1998', '1', '109.11', 'Berglunds snabbköp', 'Berguvsvägen 8', 'Luleå', NULL, '0', 'Schweden'),
	('10867', 'LONEP', '6', '03.02.1998', '17.03.1998', '11.02.1998', '1', '1.93', 'Lonesome Pine Restaurant', '89 Chiaroscuro Rd.', 'Portland', 'OR', '97219', 'USA'),
	('10868', 'QUEEN', '7', '04.02.1998', '04.03.1998', '23.02.1998', '2', '191.27', 'Queen Cozinha', 'Alameda dos Canàrios, 891', 'São Paulo', 'SP', '5487', 'Brasilien'),
	('10869', 'SEVES', '5', '04.02.1998', '04.03.1998', '09.02.1998', '1', '143.28', 'Seven Seas Imports', '90 Wadhurst Rd.', 'London', NULL, '0', 'Großbritannien'),
	('10870', 'WOLZA', '5', '04.02.1998', '04.03.1998', '13.02.1998', '3', '12.04', 'Wolski Zajazd', 'ul. Filtrowa 68', 'Warszawa', NULL, '1', 'Polen'),
	('10871', 'BONAP', '9', '05.02.1998', '05.03.1998', '10.02.1998', '2', '112.27', 'Bon app\'', '12, rue des Bouchers', 'Marseille', NULL, '13008', 'Frankreich'),
	('10872', 'GODOS', '5', '05.02.1998', '05.03.1998', '09.02.1998', '2', '175.32', 'Godos Cocina Típica', 'C/ Romero, 33', 'Sevilla', NULL, '41101', 'Spanien'),
	('10873', 'WILMK', '4', '06.02.1998', '06.03.1998', '09.02.1998', '1', '0.82', 'Wilman Kala', 'Keskuskatu 45', 'Helsinki', NULL, '2124', 'Finnland'),
	('10874', 'GODOS', '5', '06.02.1998', '06.03.1998', '11.02.1998', '2', '19.58', 'Godos Cocina Típica', 'C/ Romero, 33', 'Sevilla', NULL, '41101', 'Spanien'),
	('10875', 'BERGS', '4', '06.02.1998', '06.03.1998', '03.03.1998', '2', '32.37', 'Berglunds snabbköp', 'Berguvsvägen 8', 'Luleå', NULL, '0', 'Schweden'),
	('10876', 'BONAP', '7', '09.02.1998', '09.03.1998', '12.02.1998', '3', '60.42', 'Bon app\'', '12, rue des Bouchers', 'Marseille', NULL, '13008', 'Frankreich'),
	('10877', 'RICAR', '1', '09.02.1998', '09.03.1998', '19.02.1998', '1', '38.06', 'Ricardo Adocicados', 'Av. Copacabana, 267', 'Rio de Janeiro', 'RJ', '2389', 'Brasilien'),
	('10878', 'QUICK', '4', '10.02.1998', '10.03.1998', '12.02.1998', '1', '46.69', 'QUICK-Stop', 'Taucherstraße 10', 'Cunewalde', NULL, '1307', 'Deutschland'),
	('10879', 'WILMK', '3', '10.02.1998', '10.03.1998', '12.02.1998', '3', '8.5', 'Wilman Kala', 'Keskuskatu 45', 'Helsinki', NULL, '2124', 'Finnland'),
	('10880', 'FOLKO', '7', '10.02.1998', '24.03.1998', '18.02.1998', '1', '88.01', 'Folk och fä HB', 'Åkergatan 24', 'Bräcke', NULL, '0', 'Schweden'),
	('10881', 'CACTU', '4', '11.02.1998', '11.03.1998', '18.02.1998', '1', '2.84', 'Cactus Comidas para llevar', 'Cerrito 333', 'Buenos Aires', NULL, '101', 'Argentinien'),
	('10882', 'SAVEA', '4', '11.02.1998', '11.03.1998', '20.02.1998', '3', '23.1', 'Save-a-lot Markets', '187 Suffolk Ln.', 'Boise', 'ID', '8372', 'USA'),
	('10883', 'LONEP', '8', '12.02.1998', '12.03.1998', '20.02.1998', '3', '0.53', 'Lonesome Pine Restaurant', '89 Chiaroscuro Rd.', 'Portland', 'OR', '97219', 'USA'),
	('10884', 'LETSS', '4', '12.02.1998', '12.03.1998', '13.02.1998', '2', '90.97', 'Let\'s Stop N Shop', '87 Polk St. Suite 5', 'San Francisco', 'CA', '94117', 'USA'),
	('10885', 'SUPRD', '6', '12.02.1998', '12.03.1998', '18.02.1998', '3', '5.64', 'Suprêmes délices', 'Boulevard Tirou, 255', 'Charleroi', NULL, '0', 'Belgien'),
	('10886', 'HANAR', '1', '13.02.1998', '13.03.1998', '02.03.1998', '1', '4.99', 'Hanari Carnes', 'Rua do Paço, 67', 'Rio de Janeiro', 'RJ', '5454', 'Brasilien'),
	('10887', 'GALED', '8', '13.02.1998', '13.03.1998', '16.02.1998', '3', '1.25', 'Galería del gastronómo', 'Rambla de Cataluña, 23', 'Barcelona', NULL, '8022', 'Spanien'),
	('10888', 'GODOS', '1', '16.02.1998', '16.03.1998', '23.02.1998', '2', '51.87', 'Godos Cocina Típica', 'C/ Romero, 33', 'Sevilla', NULL, '41101', 'Spanien'),
	('10889', 'RATTC', '9', '16.02.1998', '16.03.1998', '23.02.1998', '3', '280.61', 'Rattlesnake Canyon Grocery', '2817 Milton Dr.', 'Albuquerque', 'NM', '8711', 'USA'),
	('10890', 'DUMON', '7', '16.02.1998', '16.03.1998', '18.02.1998', '1', '32.76', 'Du monde entier', '67, rue des Cinquante Otages', 'Nantes', NULL, '44', 'Frankreich'),
	('10891', 'LEHMS', '7', '17.02.1998', '17.03.1998', '19.02.1998', '2', '20.37', 'Lehmanns Marktstand', 'Magazinweg 7', 'Frankfurt a.M.', NULL, '60528', 'Deutschland'),
	('10892', 'MAISD', '4', '17.02.1998', '17.03.1998', '19.02.1998', '2', '120.27', 'Maison Dewey', 'Rue Joseph-Bens 532', 'Bruxelles', NULL, '0', 'Belgien'),
	('10893', 'KOENE', '9', '18.02.1998', '18.03.1998', '20.02.1998', '2', '77.78', 'Königlich Essen', 'Maubelstr. 90', 'Brandenburg', NULL, '14776', 'Deutschland'),
	('10894', 'SAVEA', '1', '18.02.1998', '18.03.1998', '20.02.1998', '1', '116.13', 'Save-a-lot Markets', '187 Suffolk Ln.', 'Boise', 'ID', '8372', 'USA'),
	('10895', 'ERNSH', '3', '18.02.1998', '18.03.1998', '23.02.1998', '1', '162.75', 'Ernst Handel', 'Kirchgasse 6', 'Graz', NULL, '801', 'Österreich'),
	('10896', 'MAISD', '7', '19.02.1998', '19.03.1998', '27.02.1998', '3', '32.45', 'Maison Dewey', 'Rue Joseph-Bens 532', 'Bruxelles', NULL, '0', 'Belgien'),
	('10897', 'HUNGO', '3', '19.02.1998', '19.03.1998', '25.02.1998', '2', '603.54', 'Hungry Owl All-Night Grocers', '8 Johnstown Road', 'Cork', 'Co. Cork', NULL, 'Irland'),
	('10898', 'OCEAN', '4', '20.02.1998', '20.03.1998', '06.03.1998', '2', '1.27', 'Océano Atlántico Ltda.', 'Ing. Gustavo Moncada 8585 Piso 20-A', 'Buenos Aires', NULL, '101', 'Argentinien'),
	('10899', 'LILAS', '5', '20.02.1998', '20.03.1998', '26.02.1998', '3', '1.21', 'LILA-Supermercado', 'Carrera 52 con Ave. Bolívar #65-98 Llano Largo', 'Barquisimeto', 'Lara', '3508', 'Venezuela'),
	('10900', 'WELLI', '1', '20.02.1998', '20.03.1998', '04.03.1998', '2', '1.66', 'Wellington Importadora', 'Rua do Mercado, 12', 'Resende', 'SP', '8737', 'Brasilien'),
	('10901', 'HILAA', '4', '23.02.1998', '23.03.1998', '26.02.1998', '1', '62.09', 'HILARIÓN-Abastos', 'Carrera 22 con Ave. Carlos Soublette #8-35', 'San Cristóbal', 'Táchira', '5022', 'Venezuela'),
	('10902', 'FOLKO', '1', '23.02.1998', '23.03.1998', '03.03.1998', '1', '44.15', 'Folk och fä HB', 'Åkergatan 24', 'Bräcke', NULL, '0', 'Schweden'),
	('10903', 'HANAR', '3', '24.02.1998', '24.03.1998', '04.03.1998', '3', '36.71', 'Hanari Carnes', 'Rua do Paço, 67', 'Rio de Janeiro', 'RJ', '5454', 'Brasilien'),
	('10904', 'WHITC', '3', '24.02.1998', '24.03.1998', '27.02.1998', '3', '162.95', 'White Clover Markets', '1029 - 12th Ave. S.', 'Seattle', 'WA', '98124', 'USA'),
	('10905', 'WELLI', '9', '24.02.1998', '24.03.1998', '06.03.1998', '2', '13.72', 'Wellington Importadora', 'Rua do Mercado, 12', 'Resende', 'SP', '8737', 'Brasilien'),
	('10906', 'WOLZA', '4', '25.02.1998', '11.03.1998', '03.03.1998', '3', '26.29', 'Wolski Zajazd', 'ul. Filtrowa 68', 'Warszawa', NULL, '1', 'Polen'),
	('10907', 'SPECD', '6', '25.02.1998', '25.03.1998', '27.02.1998', '3', '9.19', 'Spécialités du monde', '25, rue Lauriston', 'Paris', NULL, '75016', 'Frankreich'),
	('10908', 'REGGC', '4', '26.02.1998', '26.03.1998', '06.03.1998', '2', '32.96', 'Reggiani Caseifici', 'Strada Provinciale 124', 'Reggio Emilia', NULL, '421', 'Italien'),
	('10909', 'SANTG', '1', '26.02.1998', '26.03.1998', '10.03.1998', '2', '53.05', 'Santé Gourmet', 'Erling Skakkes gate 78', 'Stavern', NULL, '411', 'Norwegen'),
	('10910', 'WILMK', '1', '26.02.1998', '26.03.1998', '04.03.1998', '3', '38.11', 'Wilman Kala', 'Keskuskatu 45', 'Helsinki', NULL, '2124', 'Finnland'),
	('10911', 'GODOS', '3', '26.02.1998', '26.03.1998', '05.03.1998', '1', '38.19', 'Godos Cocina Típica', 'C/ Romero, 33', 'Sevilla', NULL, '41101', 'Spanien'),
	('10912', 'HUNGO', '2', '26.02.1998', '26.03.1998', '18.03.1998', '2', '580.91', 'Hungry Owl All-Night Grocers', '8 Johnstown Road', 'Cork', 'Co. Cork', NULL, 'Irland'),
	('10913', 'QUEEN', '4', '26.02.1998', '26.03.1998', '04.03.1998', '1', '33.05', 'Queen Cozinha', 'Alameda dos Canàrios, 891', 'São Paulo', 'SP', '5487', 'Brasilien'),
	('10914', 'QUEEN', '6', '27.02.1998', '27.03.1998', '02.03.1998', '1', '21.19', 'Queen Cozinha', 'Alameda dos Canàrios, 891', 'São Paulo', 'SP', '5487', 'Brasilien'),
	('10915', 'TORTU', '2', '27.02.1998', '27.03.1998', '02.03.1998', '2', '3.51', 'Tortuga Restaurante', 'Avda. Azteca 123', 'México D.F.', NULL, '5033', 'Mexiko'),
	('10916', 'RANCH', '1', '27.02.1998', '27.03.1998', '09.03.1998', '2', '63.77', 'Rancho grande', 'Av. del Libertador 900', 'Buenos Aires', NULL, '101', 'Argentinien'),
	('10917', 'ROMEY', '4', '02.03.1998', '30.03.1998', '11.03.1998', '2', '8.29', 'Romero y tomillo', 'Gran Vía, 1', 'Madrid', NULL, '28001', 'Spanien'),
	('10918', 'BOTTM', '3', '02.03.1998', '30.03.1998', '11.03.1998', '3', '48.83', 'Bottom-Dollar Markets', '23 Tsawassen Blvd.', 'Tsawassen', 'BC', '0', 'Kanada'),
	('10919', 'LINOD', '2', '02.03.1998', '30.03.1998', '04.03.1998', '2', '19.8', 'LINO-Delicateses', 'Ave. 5 de Mayo Porlamar', 'I. de Margarita', 'Nueva Esparta', '498', 'Venezuela'),
	('10920', 'AROUT', '4', '03.03.1998', '31.03.1998', '09.03.1998', '2', '29.61', 'Around the Horn', 'Brook Farm Stratford St. Mary', 'Colchester', 'Essex', '0', 'Großbritannien'),
	('10921', 'VAFFE', '1', '03.03.1998', '14.04.1998', '09.03.1998', '1', '176.48', 'Vaffeljernet', 'Smagsløget 45', 'Århus', NULL, '82', 'Dänemark'),
	('10922', 'HANAR', '5', '03.03.1998', '31.03.1998', '05.03.1998', '3', '62.74', 'Hanari Carnes', 'Rua do Paço, 67', 'Rio de Janeiro', 'RJ', '5454', 'Brasilien'),
	('10923', 'LAMAI', '7', '03.03.1998', '14.04.1998', '13.03.1998', '3', '68.26', 'La maison d\'Asie', '1 rue Alsace-Lorraine', 'Toulouse', NULL, '31', 'Frankreich'),
	('10924', 'BERGS', '3', '04.03.1998', '01.04.1998', '08.04.1998', '2', '151.52', 'Berglunds snabbköp', 'Berguvsvägen 8', 'Luleå', NULL, '0', 'Schweden'),
	('10925', 'HANAR', '3', '04.03.1998', '01.04.1998', '13.03.1998', '1', '2.27', 'Hanari Carnes', 'Rua do Paço, 67', 'Rio de Janeiro', 'RJ', '5454', 'Brasilien'),
	('10926', 'ANATR', '4', '04.03.1998', '01.04.1998', '11.03.1998', '3', '39.92', 'Ana Trujillo Emparedados y helados', 'Avda. de la Constitución 2222', 'México D.F.', NULL, '5021', 'Mexiko'),
	('10927', 'LACOR', '4', '05.03.1998', '02.04.1998', '08.04.1998', '1', '19.79', 'La corne d\'abondance', '67, avenue de l\'Europe', 'Versailles', NULL, '78', 'Frankreich'),
	('10928', 'GALED', '1', '05.03.1998', '02.04.1998', '18.03.1998', '1', '1.36', 'Galería del gastronómo', 'Rambla de Cataluña, 23', 'Barcelona', NULL, '8022', 'Spanien'),
	('10929', 'FRANK', '6', '05.03.1998', '02.04.1998', '12.03.1998', '1', '33.93', 'Frankenversand', 'Berliner Platz 43', 'München', NULL, '80805', 'Deutschland'),
	('10930', 'SUPRD', '4', '06.03.1998', '17.04.1998', '18.03.1998', '3', '15.55', 'Suprêmes délices', 'Boulevard Tirou, 255', 'Charleroi', NULL, '0', 'Belgien'),
	('10931', 'RICSU', '4', '06.03.1998', '20.03.1998', '19.03.1998', '2', '13.6', 'Richter Supermarkt', 'Starenweg 5', 'Genève', NULL, '1204', 'Schweiz'),
	('10932', 'BONAP', '8', '06.03.1998', '03.04.1998', '24.03.1998', '1', '134.64', 'Bon app\'', '12, rue des Bouchers', 'Marseille', NULL, '13008', 'Frankreich'),
	('10933', 'ISLAT', '6', '06.03.1998', '03.04.1998', '16.03.1998', '3', '54.15', 'Island Trading', 'Garden House Crowther Way', 'Cowes', 'Isle of Wight', '0', 'Großbritannien'),
	('10934', 'LEHMS', '3', '09.03.1998', '06.04.1998', '12.03.1998', '3', '32.01', 'Lehmanns Marktstand', 'Magazinweg 7', 'Frankfurt a.M.', NULL, '60528', 'Deutschland'),
	('10935', 'WELLI', '4', '09.03.1998', '06.04.1998', '18.03.1998', '3', '47.59', 'Wellington Importadora', 'Rua do Mercado, 12', 'Resende', 'SP', '8737', 'Brasilien'),
	('10936', 'GREAL', '3', '09.03.1998', '06.04.1998', '18.03.1998', '2', '33.68', 'Great Lakes Food Market', '2732 Baker Blvd.', 'Eugene', 'OR', '97403', 'USA'),
	('10937', 'CACTU', '7', '10.03.1998', '24.03.1998', '13.03.1998', '3', '31.51', 'Cactus Comidas para llevar', 'Cerrito 333', 'Buenos Aires', NULL, '101', 'Argentinien'),
	('10938', 'QUICK', '3', '10.03.1998', '07.04.1998', '16.03.1998', '2', '31.89', 'QUICK-Stop', 'Taucherstraße 10', 'Cunewalde', NULL, '1307', 'Deutschland'),
	('10939', 'MAGAA', '2', '10.03.1998', '07.04.1998', '13.03.1998', '2', '76.33', 'Magazzini Alimentari Riuniti', 'Via Ludovico il Moro 22', 'Bergamo', NULL, '241', 'Italien'),
	('10940', 'BONAP', '8', '11.03.1998', '08.04.1998', '23.03.1998', '3', '19.77', 'Bon app\'', '12, rue des Bouchers', 'Marseille', NULL, '13008', 'Frankreich'),
	('10941', 'SAVEA', '7', '11.03.1998', '08.04.1998', '20.03.1998', '2', '400.81', 'Save-a-lot Markets', '187 Suffolk Ln.', 'Boise', 'ID', '8372', 'USA'),
	('10942', 'REGGC', '9', '11.03.1998', '08.04.1998', '18.03.1998', '3', '17.95', 'Reggiani Caseifici', 'Strada Provinciale 124', 'Reggio Emilia', NULL, '421', 'Italien'),
	('10943', 'BSBEV', '4', '11.03.1998', '08.04.1998', '19.03.1998', '2', '2.17', 'B\'s Beverages', 'Fauntleroy Circus', 'London', NULL, '0', 'Großbritannien'),
	('10944', 'BOTTM', '6', '12.03.1998', '26.03.1998', '13.03.1998', '3', '52.92', 'Bottom-Dollar Markets', '23 Tsawassen Blvd.', 'Tsawassen', 'BC', '0', 'Kanada'),
	('10945', 'MORGK', '4', '12.03.1998', '09.04.1998', '18.03.1998', '1', '10.22', 'Morgenstern Gesundkost', 'Heerstr. 22', 'Leipzig', NULL, '4179', 'Deutschland'),
	('10946', 'VAFFE', '1', '12.03.1998', '09.04.1998', '19.03.1998', '2', '27.2', 'Vaffeljernet', 'Smagsløget 45', 'Århus', NULL, '82', 'Dänemark'),
	('10947', 'BSBEV', '3', '13.03.1998', '10.04.1998', '16.03.1998', '2', '3.26', 'B\'s Beverages', 'Fauntleroy Circus', 'London', NULL, '0', 'Großbritannien'),
	('10948', 'GODOS', '3', '13.03.1998', '10.04.1998', '19.03.1998', '3', '23.39', 'Godos Cocina Típica', 'C/ Romero, 33', 'Sevilla', NULL, '41101', 'Spanien'),
	('10949', 'BOTTM', '2', '13.03.1998', '10.04.1998', '17.03.1998', '3', '74.44', 'Bottom-Dollar Markets', '23 Tsawassen Blvd.', 'Tsawassen', 'BC', '0', 'Kanada'),
	('10950', 'MAGAA', '1', '16.03.1998', '13.04.1998', '23.03.1998', '2', '2.5', 'Magazzini Alimentari Riuniti', 'Via Ludovico il Moro 22', 'Bergamo', NULL, '241', 'Italien'),
	('10951', 'RICSU', '9', '16.03.1998', '27.04.1998', '07.04.1998', '2', '30.85', 'Richter Supermarkt', 'Starenweg 5', 'Genève', NULL, '1204', 'Schweiz'),
	('10952', 'ALFKI', '1', '16.03.1998', '27.04.1998', '24.03.1998', '1', '40.42', 'Alfred\'s Futterkiste', 'Obere Str. 57', 'Berlin', NULL, '12209', 'Deutschland'),
	('10953', 'AROUT', '9', '16.03.1998', '30.03.1998', '25.03.1998', '2', '23.72', 'Around the Horn', 'Brook Farm Stratford St. Mary', 'Colchester', 'Essex', '0', 'Großbritannien'),
	('10954', 'LINOD', '5', '17.03.1998', '28.04.1998', '20.03.1998', '1', '27.91', 'LINO-Delicateses', 'Ave. 5 de Mayo Porlamar', 'I. de Margarita', 'Nueva Esparta', '498', 'Venezuela'),
	('10955', 'FOLKO', '8', '17.03.1998', '14.04.1998', '20.03.1998', '2', '3.26', 'Folk och fä HB', 'Åkergatan 24', 'Bräcke', NULL, '0', 'Schweden'),
	('10956', 'BLAUS', '6', '17.03.1998', '28.04.1998', '20.03.1998', '2', '44.65', 'Blauer See Delikatessen', 'Forsterstr. 57', 'Mannheim', NULL, '68306', 'Deutschland'),
	('10957', 'HILAA', '8', '18.03.1998', '15.04.1998', '27.03.1998', '3', '105.36', 'HILARIÓN-Abastos', 'Carrera 22 con Ave. Carlos Soublette #8-35', 'San Cristóbal', 'Táchira', '5022', 'Venezuela'),
	('10958', 'OCEAN', '7', '18.03.1998', '15.04.1998', '27.03.1998', '2', '49.56', 'Océano Atlántico Ltda.', 'Ing. Gustavo Moncada 8585 Piso 20-A', 'Buenos Aires', NULL, '101', 'Argentinien'),
	('10959', 'GOURL', '6', '18.03.1998', '29.04.1998', '23.03.1998', '2', '4.98', 'Gourmet Lanchonetes', 'Av. Brasil, 442', 'Campinas', 'SP', '4876', 'Brasilien'),
	('10960', 'HILAA', '3', '19.03.1998', '02.04.1998', '08.04.1998', '1', '2.08', 'HILARIÓN-Abastos', 'Carrera 22 con Ave. Carlos Soublette #8-35', 'San Cristóbal', 'Táchira', '5022', 'Venezuela'),
	('10961', 'QUEEN', '8', '19.03.1998', '16.04.1998', '30.03.1998', '1', '104.47', 'Queen Cozinha', 'Alameda dos Canàrios, 891', 'São Paulo', 'SP', '5487', 'Brasilien'),
	('10962', 'QUICK', '8', '19.03.1998', '16.04.1998', '23.03.1998', '2', '275.79', 'QUICK-Stop', 'Taucherstraße 10', 'Cunewalde', NULL, '1307', 'Deutschland'),
	('10963', 'FURIB', '9', '19.03.1998', '16.04.1998', '26.03.1998', '3', '2.7', 'Furia Bacalhau e Frutos do Mar', 'Jardim das rosas n. 32', 'Lisboa', NULL, '1675', 'Portugal'),
	('10964', 'SPECD', '3', '20.03.1998', '17.04.1998', '24.03.1998', '2', '87.38', 'Spécialités du monde', '25, rue Lauriston', 'Paris', NULL, '75016', 'Frankreich'),
	('10965', 'OLDWO', '6', '20.03.1998', '17.04.1998', '30.03.1998', '3', '144.38', 'Old World Delicatessen', '2743 Bering St.', 'Anchorage', 'AK', '99508', 'USA'),
	('10966', 'CHOPS', '4', '20.03.1998', '17.04.1998', '08.04.1998', '1', '27.19', 'Chop-suey Chinese', 'Hauptstr. 31', 'Bern', NULL, '3012', 'Schweiz'),
	('10967', 'TOMSP', '2', '23.03.1998', '20.04.1998', '02.04.1998', '2', '62.22', 'Toms Spezialitäten', 'Luisenstr. 48', 'Münster', NULL, '44087', 'Deutschland'),
	('10968', 'ERNSH', '1', '23.03.1998', '20.04.1998', '01.04.1998', '3', '74.6', 'Ernst Handel', 'Kirchgasse 6', 'Graz', NULL, '801', 'Österreich'),
	('10969', 'COMMI', '1', '23.03.1998', '20.04.1998', '30.03.1998', '2', '0.21', 'Comércio Mineiro', 'Av. dos Lusíadas, 23', 'São Paulo', 'SP', '5432', 'Brasilien'),
	('10970', 'BOLID', '9', '24.03.1998', '07.04.1998', '24.04.1998', '1', '16.16', 'Bólido Comidas preparadas', 'C/ Araquil, 67', 'Madrid', NULL, '28023', 'Spanien'),
	('10971', 'FRANR', '2', '24.03.1998', '21.04.1998', '02.04.1998', '2', '121.82', 'France restauration', '54, rue Royale', 'Nantes', NULL, '44', 'Frankreich'),
	('10972', 'LACOR', '4', '24.03.1998', '21.04.1998', '26.03.1998', '2', '0.02', 'La corne d\'abondance', '67, avenue de l\'Europe', 'Versailles', NULL, '78', 'Frankreich'),
	('10973', 'LACOR', '6', '24.03.1998', '21.04.1998', '27.03.1998', '2', '15.17', 'La corne d\'abondance', '67, avenue de l\'Europe', 'Versailles', NULL, '78', 'Frankreich'),
	('10974', 'SPLIR', '3', '25.03.1998', '08.04.1998', '03.04.1998', '3', '12.96', 'Split Rail Beer & Ale', 'P.O. Box 555', 'Lander', 'WY', '8252', 'USA'),
	('10975', 'BOTTM', '1', '25.03.1998', '22.04.1998', '27.03.1998', '3', '32.27', 'Bottom-Dollar Markets', '23 Tsawassen Blvd.', 'Tsawassen', 'BC', '0', 'Kanada'),
	('10976', 'HILAA', '1', '25.03.1998', '06.05.1998', '03.04.1998', '1', '37.97', 'HILARIÓN-Abastos', 'Carrera 22 con Ave. Carlos Soublette #8-35', 'San Cristóbal', 'Táchira', '5022', 'Venezuela'),
	('10977', 'FOLKO', '8', '26.03.1998', '23.04.1998', '10.04.1998', '3', '208.5', 'Folk och fä HB', 'Åkergatan 24', 'Bräcke', NULL, '0', 'Schweden'),
	('10978', 'MAISD', '9', '26.03.1998', '23.04.1998', '23.04.1998', '2', '32.82', 'Maison Dewey', 'Rue Joseph-Bens 532', 'Bruxelles', NULL, '0', 'Belgien'),
	('10979', 'ERNSH', '8', '26.03.1998', '23.04.1998', '31.03.1998', '2', '353.07', 'Ernst Handel', 'Kirchgasse 6', 'Graz', NULL, '801', 'Österreich'),
	('10980', 'FOLKO', '4', '27.03.1998', '08.05.1998', '17.04.1998', '1', '1.26', 'Folk och fä HB', 'Åkergatan 24', 'Bräcke', NULL, '0', 'Schweden'),
	('10981', 'HANAR', '1', '27.03.1998', '24.04.1998', '02.04.1998', '2', '193.37', 'Hanari Carnes', 'Rua do Paço, 67', 'Rio de Janeiro', 'RJ', '5454', 'Brasilien'),
	('10982', 'BOTTM', '2', '27.03.1998', '24.04.1998', '08.04.1998', '1', '14.01', 'Bottom-Dollar Markets', '23 Tsawassen Blvd.', 'Tsawassen', 'BC', '0', 'Kanada'),
	('10983', 'SAVEA', '2', '27.03.1998', '24.04.1998', '06.04.1998', '2', '657.54', 'Save-a-lot Markets', '187 Suffolk Ln.', 'Boise', 'ID', '8372', 'USA'),
	('10984', 'SAVEA', '1', '30.03.1998', '27.04.1998', '03.04.1998', '3', '211.22', 'Save-a-lot Markets', '187 Suffolk Ln.', 'Boise', 'ID', '8372', 'USA'),
	('10985', 'HUNGO', '2', '30.03.1998', '27.04.1998', '02.04.1998', '1', '91.51', 'Hungry Owl All-Night Grocers', '8 Johnstown Road', 'Cork', 'Co. Cork', NULL, 'Irland'),
	('10986', 'OCEAN', '8', '30.03.1998', '27.04.1998', '21.04.1998', '2', '217.86', 'Océano Atlántico Ltda.', 'Ing. Gustavo Moncada 8585 Piso 20-A', 'Buenos Aires', NULL, '101', 'Argentinien'),
	('10987', 'EASTC', '8', '31.03.1998', '28.04.1998', '06.04.1998', '1', '185.48', 'Eastern Connection', '35 King George', 'London', NULL, '0', 'Großbritannien'),
	('10988', 'RATTC', '3', '31.03.1998', '28.04.1998', '10.04.1998', '2', '61.14', 'Rattlesnake Canyon Grocery', '2817 Milton Dr.', 'Albuquerque', 'NM', '8711', 'USA'),
	('10989', 'QUEDE', '2', '31.03.1998', '28.04.1998', '02.04.1998', '1', '34.76', 'Que Delícia', 'Rua da Panificadora, 12', 'Rio de Janeiro', 'RJ', '2389', 'Brasilien'),
	('10990', 'ERNSH', '2', '01.04.1998', '13.05.1998', '07.04.1998', '3', '117.61', 'Ernst Handel', 'Kirchgasse 6', 'Graz', NULL, '801', 'Österreich'),
	('10991', 'QUICK', '1', '01.04.1998', '29.04.1998', '07.04.1998', '1', '38.51', 'QUICK-Stop', 'Taucherstraße 10', 'Cunewalde', NULL, '1307', 'Deutschland'),
	('10992', 'THEBI', '1', '01.04.1998', '29.04.1998', '03.04.1998', '3', '4.27', 'The Big Cheese', '89 Jefferson Way Suite 2', 'Portland', 'OR', '97201', 'USA'),
	('10993', 'FOLKO', '7', '01.04.1998', '29.04.1998', '10.04.1998', '3', '8.81', 'Folk och fä HB', 'Åkergatan 24', 'Bräcke', NULL, '0', 'Schweden'),
	('10994', 'VAFFE', '2', '02.04.1998', '16.04.1998', '09.04.1998', '3', '65.53', 'Vaffeljernet', 'Smagsløget 45', 'Århus', NULL, '82', 'Dänemark'),
	('10995', 'PERIC', '1', '02.04.1998', '30.04.1998', '06.04.1998', '3', '46', 'Pericles Comidas clásicas', 'Calle Dr. Jorge Cash 321', 'México D.F.', NULL, '5033', 'Mexiko'),
	('10996', 'QUICK', '4', '02.04.1998', '30.04.1998', '10.04.1998', '2', '1.12', 'QUICK-Stop', 'Taucherstraße 10', 'Cunewalde', NULL, '1307', 'Deutschland'),
	('10997', 'LILAS', '8', '03.04.1998', '15.05.1998', '13.04.1998', '2', '73.91', 'LILA-Supermercado', 'Carrera 52 con Ave. Bolívar #65-98 Llano Largo', 'Barquisimeto', 'Lara', '3508', 'Venezuela'),
	('10998', 'WOLZA', '8', '03.04.1998', '17.04.1998', '17.04.1998', '2', '20.31', 'Wolski Zajazd', 'ul. Filtrowa 68', 'Warszawa', NULL, '1', 'Polen'),
	('10999', 'OTTIK', '6', '03.04.1998', '01.05.1998', '10.04.1998', '2', '96.35', 'Ottilies Käseladen', 'Mehrheimerstr. 369', 'Köln', NULL, '50739', 'Deutschland'),
	('11000', 'RATTC', '2', '06.04.1998', '04.05.1998', '14.04.1998', '3', '55.12', 'Rattlesnake Canyon Grocery', '2817 Milton Dr.', 'Albuquerque', 'NM', '8711', 'USA'),
	('11001', 'FOLKO', '2', '06.04.1998', '04.05.1998', '14.04.1998', '2', '197.3', 'Folk och fä HB', 'Åkergatan 24', 'Bräcke', NULL, '0', 'Schweden'),
	('11002', 'SAVEA', '4', '06.04.1998', '04.05.1998', '16.04.1998', '1', '141.16', 'Save-a-lot Markets', '187 Suffolk Ln.', 'Boise', 'ID', '8372', 'USA'),
	('11003', 'THECR', '3', '06.04.1998', '04.05.1998', '08.04.1998', '3', '14.91', 'The Cracker Box', '55 Grizzly Peak Rd.', 'Butte', 'MT', '59801', 'USA'),
	('11004', 'MAISD', '3', '07.04.1998', '05.05.1998', '20.04.1998', '1', '44.84', 'Maison Dewey', 'Rue Joseph-Bens 532', 'Bruxelles', NULL, '0', 'Belgien'),
	('11005', 'WILMK', '2', '07.04.1998', '05.05.1998', '10.04.1998', '1', '0.75', 'Wilman Kala', 'Keskuskatu 45', 'Helsinki', NULL, '2124', 'Finnland'),
	('11006', 'GREAL', '3', '07.04.1998', '05.05.1998', '15.04.1998', '2', '25.19', 'Great Lakes Food Market', '2732 Baker Blvd.', 'Eugene', 'OR', '97403', 'USA'),
	('11007', 'PRINI', '8', '08.04.1998', '06.05.1998', '13.04.1998', '2', '202.24', 'Princesa Isabel Vinhos', 'Estrada da saúde n. 58', 'Lisboa', NULL, '1756', 'Portugal'),
	('11008', 'ERNSH', '7', '08.04.1998', '06.05.1998', NULL, '3', '79.46', 'Ernst Handel', 'Kirchgasse 6', 'Graz', NULL, '801', 'Österreich'),
	('11009', 'GODOS', '2', '08.04.1998', '06.05.1998', '10.04.1998', '1', '59.11', 'Godos Cocina Típica', 'C/ Romero, 33', 'Sevilla', NULL, '41101', 'Spanien'),
	('11010', 'REGGC', '2', '09.04.1998', '07.05.1998', '21.04.1998', '2', '28.71', 'Reggiani Caseifici', 'Strada Provinciale 124', 'Reggio Emilia', NULL, '421', 'Italien'),
	('11011', 'BOTTM', '3', '09.04.1998', '07.05.1998', '13.04.1998', '1', '1.21', 'Bottom-Dollar Markets', '23 Tsawassen Blvd.', 'Berlin', NULL, '12209', 'Kanada'),
	('11012', 'FRANK', '1', '09.04.1998', '23.04.1998', '17.04.1998', '3', '242.95', 'Frankenversand', 'Berliner Platz 43', 'München', NULL, '80805', 'Deutschland'),
	('11013', 'ROMEY', '2', '09.04.1998', '07.05.1998', '10.04.1998', '1', '32.99', 'Romero y tomillo', 'Gran Vía, 1', 'Madrid', NULL, '28001', 'Spanien'),
	('11014', 'LINOD', '2', '10.04.1998', '08.05.1998', '15.04.1998', '3', '23.6', 'LINO-Delicateses', 'Ave. 5 de Mayo Porlamar', 'I. de Margarita', 'Nueva Esparta', '498', 'Venezuela'),
	('11015', 'SANTG', '2', '10.04.1998', '24.04.1998', '20.04.1998', '2', '4.62', 'Santé Gourmet', 'Erling Skakkes gate 78', 'Stavern', NULL, '411', 'Norwegen'),
	('11016', 'AROUT', '9', '10.04.1998', '08.05.1998', '13.04.1998', '2', '33.8', 'Around the Horn', 'Brook Farm Stratford St. Mary', 'Colchester', 'Essex', '0', 'Großbritannien'),
	('11017', 'ERNSH', '9', '13.04.1998', '11.05.1998', '20.04.1998', '2', '754.26', 'Ernst Handel', 'Kirchgasse 6', 'Graz', NULL, '801', 'Österreich'),
	('11018', 'LONEP', '4', '13.04.1998', '11.05.1998', '16.04.1998', '2', '11.65', 'Lonesome Pine Restaurant', '89 Chiaroscuro Rd.', 'Portland', 'OR', '97219', 'USA'),
	('11019', 'RANCH', '6', '13.04.1998', '11.05.1998', NULL, '3', '3.17', 'Rancho grande', 'Av. del Libertador 900', 'Buenos Aires', NULL, '101', 'Argentinien'),
	('11020', 'OTTIK', '2', '14.04.1998', '12.05.1998', '16.04.1998', '2', '43.3', 'Ottilies Käseladen', 'Mehrheimerstr. 369', 'Köln', NULL, '50739', 'Deutschland'),
	('11021', 'QUICK', '3', '14.04.1998', '12.05.1998', '21.04.1998', '1', '297.18', 'QUICK-Stop', 'Taucherstraße 10', 'Cunewalde', NULL, '1307', 'Deutschland'),
	('11022', 'HANAR', '9', '14.04.1998', '12.05.1998', '04.05.1998', '2', '6.27', 'Hanari Carnes', 'Rua do Paço, 67', 'Rio de Janeiro', 'RJ', '5454', 'Brasilien'),
	('11023', 'BSBEV', '1', '14.04.1998', '28.04.1998', '24.04.1998', '2', '123.83', 'B\'s Beverages', 'Fauntleroy Circus', 'London', NULL, '0', 'Großbritannien'),
	('11024', 'EASTC', '4', '15.04.1998', '13.05.1998', '20.04.1998', '1', '74.36', 'Eastern Connection', '35 King George', 'London', NULL, '0', 'Großbritannien'),
	('11025', 'WARTH', '6', '15.04.1998', '13.05.1998', '24.04.1998', '3', '29.17', 'Wartian Herkku', 'Torikatu 38', 'Oulu', NULL, '9011', 'Finnland'),
	('11026', 'FRANS', '4', '15.04.1998', '13.05.1998', '28.04.1998', '1', '47.09', 'Franchi S.p.A.', 'Via Monte Bianco 34', 'Torino', NULL, '101', 'Italien'),
	('11027', 'BOTTM', '1', '16.04.1998', '14.05.1998', '20.04.1998', '1', '52.52', 'Bottom-Dollar Markets', '23 Tsawassen Blvd.', 'Tsawassen', 'BC', '0', 'Kanada'),
	('11028', 'KOENE', '2', '16.04.1998', '14.05.1998', '22.04.1998', '1', '29.59', 'Königlich Essen', 'Maubelstr. 90', 'Brandenburg', NULL, '14776', 'Deutschland'),
	('11029', 'CHOPS', '4', '16.04.1998', '14.05.1998', '27.04.1998', '1', '47.84', 'Chop-suey Chinese', 'Hauptstr. 31', 'Bern', NULL, '3012', 'Schweiz'),
	('11030', 'SAVEA', '7', '17.04.1998', '15.05.1998', '27.04.1998', '2', '830.75', 'Save-a-lot Markets', '187 Suffolk Ln.', 'Boise', 'ID', '8372', 'USA'),
	('11031', 'SAVEA', '6', '17.04.1998', '15.05.1998', '24.04.1998', '2', '227.22', 'Save-a-lot Markets', '187 Suffolk Ln.', 'Boise', 'ID', '8372', 'USA'),
	('11032', 'WHITC', '2', '17.04.1998', '15.05.1998', '23.04.1998', '3', '606.19', 'White Clover Markets', '1029 - 12th Ave. S.', 'Seattle', 'WA', '98124', 'USA'),
	('11033', 'RICSU', '7', '17.04.1998', '15.05.1998', '23.04.1998', '3', '84.74', 'Richter Supermarkt', 'Starenweg 5', 'Genève', NULL, '1204', 'Schweiz'),
	('11034', 'OLDWO', '8', '20.04.1998', '01.06.1998', '27.04.1998', '1', '40.32', 'Old World Delicatessen', '2743 Bering St.', 'Anchorage', 'AK', '99508', 'USA'),
	('11035', 'SUPRD', '2', '20.04.1998', '18.05.1998', '24.04.1998', '2', '0.17', 'Suprêmes délices', 'Boulevard Tirou, 255', 'Charleroi', NULL, '0', 'Belgien'),
	('11036', 'DRACD', '8', '20.04.1998', '18.05.1998', '22.04.1998', '3', '149.47', 'Drachenblut Delikatessen', 'Walserweg 21', 'Aachen', NULL, '52066', 'Deutschland'),
	('11037', 'GODOS', '7', '21.04.1998', '19.05.1998', '27.04.1998', '1', '3.2', 'Godos Cocina Típica', 'C/ Romero, 33', 'Sevilla', NULL, '41101', 'Spanien'),
	('11038', 'SUPRD', '1', '21.04.1998', '19.05.1998', '30.04.1998', '2', '29.59', 'Suprêmes délices', 'Boulevard Tirou, 255', 'Charleroi', NULL, '0', 'Belgien'),
	('11039', 'LINOD', '1', '21.04.1998', '19.05.1998', NULL, '2', '65', 'LINO-Delicateses', 'Ave. 5 de Mayo Porlamar', 'I. de Margarita', 'Nueva Esparta', '498', 'Venezuela'),
	('11040', 'GREAL', '4', '22.04.1998', '20.05.1998', NULL, '3', '18.84', 'Great Lakes Food Market', '2732 Baker Blvd.', 'Eugene', 'OR', '97403', 'USA'),
	('11041', 'CHOPS', '3', '22.04.1998', '20.05.1998', '28.04.1998', '2', '48.22', 'Chop-suey Chinese', 'Hauptstr. 31', 'Bern', NULL, '3012', 'Schweiz'),
	('11042', 'COMMI', '2', '22.04.1998', '06.05.1998', '01.05.1998', '1', '29.99', 'Comércio Mineiro', 'Av. dos Lusíadas, 23', 'São Paulo', 'SP', '5432', 'Brasilien'),
	('11043', 'SPECD', '5', '22.04.1998', '20.05.1998', '29.04.1998', '2', '8.8', 'Spécialités du monde', '25, rue Lauriston', 'Paris', NULL, '75016', 'Frankreich'),
	('11044', 'WOLZA', '4', '23.04.1998', '21.05.1998', '01.05.1998', '1', '8.72', 'Wolski Zajazd', 'ul. Filtrowa 68', 'Warszawa', NULL, '1', 'Polen'),
	('11045', 'BOTTM', '6', '23.04.1998', '21.05.1998', NULL, '2', '70.58', 'Bottom-Dollar Markets', '23 Tsawassen Blvd.', 'Tsawassen', 'BC', '0', 'Kanada'),
	('11046', 'WANDK', '8', '23.04.1998', '21.05.1998', '24.04.1998', '2', '71.64', 'Die Wandernde Kuh', 'Adenauerallee 900', 'Stuttgart', NULL, '70563', 'Deutschland'),
	('11047', 'EASTC', '7', '24.04.1998', '22.05.1998', '01.05.1998', '3', '46.62', 'Eastern Connection', '35 King George', 'London', NULL, '0', 'Großbritannien'),
	('11048', 'BOTTM', '7', '24.04.1998', '22.05.1998', '30.04.1998', '3', '24.12', 'Bottom-Dollar Markets', '23 Tsawassen Blvd.', 'Tsawassen', 'BC', '0', 'Kanada'),
	('11049', 'GOURL', '3', '24.04.1998', '22.05.1998', '04.05.1998', '1', '8.34', 'Gourmet Lanchonetes', 'Av. Brasil, 442', 'Campinas', 'SP', '4876', 'Brasilien'),
	('11050', 'FOLKO', '8', '27.04.1998', '25.05.1998', '05.05.1998', '2', '59.41', 'Folk och fä HB', 'Åkergatan 24', 'Bräcke', NULL, '0', 'Schweden'),
	('11051', 'LAMAI', '7', '27.04.1998', '25.05.1998', NULL, '3', '2.79', 'La maison d\'Asie', '1 rue Alsace-Lorraine', 'Toulouse', NULL, '31', 'Frankreich'),
	('11052', 'HANAR', '3', '27.04.1998', '25.05.1998', '01.05.1998', '1', '67.26', 'Hanari Carnes', 'Rua do Paço, 67', 'Rio de Janeiro', 'RJ', '5454', 'Brasilien'),
	('11053', 'PICCO', '2', '27.04.1998', '25.05.1998', '29.04.1998', '2', '53.05', 'Piccolo und mehr', 'Geislweg 14', 'Salzburg', NULL, '502', 'Österreich'),
	('11054', 'CACTU', '8', '28.04.1998', '26.05.1998', NULL, '1', '0.33', 'Cactus Comidas para llevar', 'Cerrito 333', 'Buenos Aires', NULL, '101', 'Argentinien'),
	('11055', 'HILAA', '7', '28.04.1998', '26.05.1998', '05.05.1998', '2', '120.92', 'HILARIÓN-Abastos', 'Carrera 22 con Ave. Carlos Soublette #8-35', 'San Cristóbal', 'Táchira', '5022', 'Venezuela'),
	('11056', 'EASTC', '8', '28.04.1998', '12.05.1998', '01.05.1998', '2', '278.96', 'Eastern Connection', '35 King George', 'London', NULL, '0', 'Großbritannien'),
	('11057', 'NORTS', '3', '29.04.1998', '27.05.1998', '01.05.1998', '3', '4.13', 'North/South', 'South House 300 Queensbridge', 'London', NULL, '0', 'Großbritannien'),
	('11058', 'BLAUS', '9', '29.04.1998', '27.05.1998', NULL, '3', '31.14', 'Blauer See Delikatessen', 'Forsterstr. 57', 'Mannheim', NULL, '68306', 'Deutschland'),
	('11059', 'RICAR', '2', '29.04.1998', '10.06.1998', NULL, '2', '85.8', 'Ricardo Adocicados', 'Av. Copacabana, 267', 'Rio de Janeiro', 'RJ', '2389', 'Brasilien'),
	('11060', 'FRANS', '2', '30.04.1998', '28.05.1998', '04.05.1998', '2', '10.98', 'Franchi S.p.A.', 'Via Monte Bianco 34', 'Torino', NULL, '101', 'Italien'),
	('11061', 'GREAL', '4', '30.04.1998', '11.06.1998', NULL, '3', '14.01', 'Great Lakes Food Market', '2732 Baker Blvd.', 'Eugene', 'OR', '97403', 'USA'),
	('11062', 'REGGC', '4', '30.04.1998', '28.05.1998', NULL, '2', '29.93', 'Reggiani Caseifici', 'Strada Provinciale 124', 'Reggio Emilia', NULL, '421', 'Italien'),
	('11063', 'HUNGO', '3', '30.04.1998', '28.05.1998', '06.05.1998', '2', '81.73', 'Hungry Owl All-Night Grocers', '8 Johnstown Road', 'Cork', 'Co. Cork', NULL, 'Irland'),
	('11064', 'SAVEA', '1', '01.05.1998', '29.05.1998', '04.05.1998', '1', '30.09', 'Save-a-lot Markets', '187 Suffolk Ln.', 'Boise', 'ID', '8372', 'USA'),
	('11065', 'LILAS', '8', '01.05.1998', '29.05.1998', NULL, '1', '12.91', 'LILA-Supermercado', 'Carrera 52 con Ave. Bolívar #65-98 Llano Largo', 'Barquisimeto', 'Lara', '3508', 'Venezuela'),
	('11066', 'WHITC', '7', '01.05.1998', '29.05.1998', '04.05.1998', '2', '44.72', 'White Clover Markets', '1029 - 12th Ave. S.', 'Seattle', 'WA', '98124', 'USA'),
	('11067', 'DRACD', '1', '04.05.1998', '18.05.1998', '06.05.1998', '2', '7.98', 'Drachenblut Delikatessen', 'Walserweg 21', 'Aachen', NULL, '52066', 'Deutschland'),
	('11068', 'QUEEN', '8', '04.05.1998', '01.06.1998', NULL, '2', '81.75', 'Queen Cozinha', 'Alameda dos Canàrios, 891', 'São Paulo', 'SP', '5487', 'Brasilien'),
	('11069', 'TORTU', '1', '04.05.1998', '01.06.1998', '06.05.1998', '2', '15.67', 'Tortuga Restaurante', 'Avda. Azteca 123', 'México D.F.', NULL, '5033', 'Mexiko'),
	('11070', 'LEHMS', '2', '05.05.1998', '02.06.1998', NULL, '1', '136', 'Lehmanns Marktstand', 'Magazinweg 7', 'Frankfurt a.M.', NULL, '60528', 'Deutschland'),
	('11071', 'LILAS', '1', '05.05.1998', '02.06.1998', NULL, '1', '0.93', 'LILA-Supermercado', 'Carrera 52 con Ave. Bolívar #65-98 Llano Largo', 'Barquisimeto', 'Lara', '3508', 'Venezuela'),
	('11072', 'ERNSH', '4', '05.05.1998', '02.06.1998', NULL, '2', '258.64', 'Ernst Handel', 'Kirchgasse 6', 'Graz', NULL, '801', 'Österreich'),
	('11073', 'PERIC', '2', '05.05.1998', '02.06.1998', NULL, '2', '24.95', 'Pericles Comidas clásicas', 'Calle Dr. Jorge Cash 321', 'México D.F.', NULL, '5033', 'Mexiko'),
	('11074', 'SIMOB', '7', '06.05.1998', '03.06.1998', NULL, '2', '18.44', 'Simons bistro', 'Vinbæltet 34', 'København', NULL, '1734', 'Dänemark'),
	('11075', 'RICSU', '8', '06.05.1998', '03.06.1998', NULL, '2', '6.19', 'Richter Supermarkt', 'Starenweg 5', 'Genève', NULL, '1204', 'Schweiz'),
	('11076', 'BONAP', '4', '06.05.1998', '03.06.1998', NULL, '2', '38.28', 'Bon app\'', '12, rue des Bouchers', 'Marseille', NULL, '13008', 'Frankreich'),
	('11077', 'RATTC', '1', '06.05.1998', '03.06.1998', NULL, '2', '8.53', 'Rattlesnake Canyon Grocery', '2817 Milton Dr.', 'Albuquerque', 'NM', '8711', 'USA');